C0mpC0de000007340|PT. ABCDE|B|P|7371117003960000|033223901801000|Banda Aceh|Kelurahan 1|Kecamatan 1|11750|1201|Province 1|62215505550|6281123456790|ABCDE@gmail.com|Jakarta|21011980|00|PT. ABCDE|Address 1|ABCDE|3|000040000000000|2|ABCDE|21011980|2|000000000000000000000000000001|21011980|000000000000000000000000000001|21011980|500000|036|P01|000040000000000|01175|000000000000000000000000000001|08052022|18052022|1|11110|00004000000000000|2|S131102L|000040000000000|1|Alamat 1|000040000000000|18052022|003|01|001|UM|1|1
C0mpC0de000007341|PT. ABCDE|B|||033223901801000|Banda Aceh|Kelurahan 1|Kecamatan 1|11750|1201|Province 1|62215505550||ABCDE@gmail.com|||||||||||||000000000000000000000000000001|21011980|000000000000000000000000000001|21011980|500000|036|P01|000040000000000|01175|000000000000000000000000000001|08052022|18052022|1|11110|00004000000000000|2|S131102L||1|Alamat 1|000040000000000|18052022|003|01||UM||
C0mpC0de000007342|PT. ABCDE|P|P|7371117003960000|033223901801000|Banda Aceh|Kelurahan 1|Kecamatan 1|11750|1201|Province 1|62215505550|6281123456790|ABCDE@gmail.com|Jakarta|21011980|00|PT. ABCDE|Address 1|ABCDE|3|000040000000000|2|ABCDE|21011980|2||||||036|P01|000040000000000|01175|000000000000000000000000000001|08052022|18052022|1||||S131102L|000040000000000|||000040000000000|18052022|003|01|001|UM|1|1
C0mpC0de000007343|PT. ABCDE|P|P|7371117003960000|033223901801000|Banda Aceh|Kelurahan 1|Kecamatan 1|11750|1201|Province 1|62215505550|6281123456790|ABCDE@gmail.com|Jakarta|21011980||PT. ABCDE|Address 1|ABCDE|3|000040000000000|2|||||||||036|P01|000040000000000|01175|000000000000000000000000000001|08052022|18052022|1||||S131102L|000040000000000|||000040000000000|18052022|003|01|001|UM|1|
C0mpC0de0000073449|PT. ABCDE|B|P|7371117003960000|033223901801000|Banda Aceh|Kelurahan 1|Kecamatan 1|11750|1201|Province 1|62215505550|6281123456790|ABCDE@gmail.com|Jakarta|21011980|00|PT. ABCDE|Address 1|ABCDE|3|000040000000000|2|ABCDE|21011980|2|000000000000000000000000000001|21011980|000000000000000000000000000001|21011980|500000|036|P01|000040000000000|01175|000000000000000000000000000001|08052022|18052022|1|11110|00004000000000000|2|S131102L|000040000000000|1|Alamat 1|000040000000000|18052022|003|01|001|UM|1|1
C0mpC0de00000734|PT. ABCDE|B|P|7371117003960000|033223901801000|Banda Aceh|Kelurahan 1|Kecamatan 1|11750|1201|Province 1|62215505550|6281123456790|ABCDE@gmail.com|Jakarta|21011980|00|PT. ABCDE|Address 1|ABCDE|3|000040000000000|2|ABCDE|21011980|2|000000000000000000000000000001|21011980|000000000000000000000000000001|21011980|500000|036|P01|000040000000000|01175|000000000000000000000000000001|08052022|18052022|1|11110|00004000000000000|2|S131102L|000040000000000|1|Alamat 1|000040000000000|18052022|003|01|001|UM|1|1
|PT. ABCDE|B|P|7371117003960000|033223901801000|Banda Aceh|Kelurahan 1|Kecamatan 1|11750|1201|Province 1|62215505550|6281123456790|ABCDE@gmail.com|Jakarta|21011980|00|PT. ABCDE|Address 1|ABCDE|3|000040000000000|2|ABCDE|21011980|2|000000000000000000000000000001|21011980|000000000000000000000000000001|21011980|500000|036|P01|000040000000000|01175|000000000000000000000000000001|08052022|18052022|1|11110|00004000000000000|2|S131102L|000040000000000|1|Alamat 1|000040000000000|18052022|003|01|001|UM|1|1
L0000020000007344|PT. ABCDE|B|P|7371117003960000|033223901801000|Banda Aceh|Kelurahan 1|Kecamatan 1|11750|1201|Province 1|62215505550|6281123456790|ABCDE@gmail.com|Jakarta|21011980|00|PT. ABCDE|Address 1|ABCDE|3|000040000000000|2|ABCDE|21011980|2|000000000000000000000000000001|21011980|000000000000000000000000000001|21011980|500000|036|P01|000040000000000|01175|000000000000000000000000000001|08052022|18052022|1|11110|00004000000000000|2|S131102L|000040000000000|1|Alamat 1|000040000000000|18052022|003|01|001|UM|1|1
L0000010000007345||B|P|7371117003960000|033223901801000|Banda Aceh|Kelurahan 1|Kecamatan 1|11750|1201|Province 1|62215505550|6281123456790|ABCDE@gmail.com|Jakarta|21011980|00|PT. ABCDE|Address 1|ABCDE|3|000040000000000|2|ABCDE|21011980|2|000000000000000000000000000001|21011980|000000000000000000000000000001|21011980|500000|036|P01|000040000000000|01175|000000000000000000000000000001|08052022|18052022|1|11110|00004000000000000|2|S131102L|000040000000000|1|Alamat 1|000040000000000|18052022|003|01|001|UM|1|1
L0000010000007346|PT. ABCDEFGIA SDFASDSAD ASDA 123ASDA ADSA|B|P|7371117003960000|033223901801000|Banda Aceh|Kelurahan 1|Kecamatan 1|11750|1201|Province 1|62215505550|6281123456790|ABCDE@gmail.com|Jakarta|21011980|00|PT. ABCDE|Address 1|ABCDE|3|000040000000000|2|ABCDE|21011980|2|000000000000000000000000000001|21011980|000000000000000000000000000001|21011980|500000|036|P01|000040000000000|01175|000000000000000000000000000001|08052022|18052022|1|11110|00004000000000000|2|S131102L|000040000000000|1|Alamat 1|000040000000000|18052022|003|01|001|UM|1|1
L0000010000007347|PT. AB  CDE|B|P|7371117003960000|033223901801000|Banda Aceh|Kelurahan 1|Kecamatan 1|11750|1201|Province 1|62215505550|6281123456790|ABCDE@gmail.com|Jakarta|21011980|00|PT. ABCDE|Address 1|ABCDE|3|000040000000000|2|ABCDE|21011980|2|000000000000000000000000000001|21011980|000000000000000000000000000001|21011980|500000|036|P01|000040000000000|01175|000000000000000000000000000001|08052022|18052022|1|11110|00004000000000000|2|S131102L|000040000000000|1|Alamat 1|000040000000000|18052022|003|01|001|UM|1|1
L0000010000007348|PT. ABCDE|1|P|7371117003960000|033223901801000|Banda Aceh|Kelurahan 1|Kecamatan 1|11750|1201|Province 1|62215505550|6281123456790|ABCDE@gmail.com|Jakarta|21011980|00|PT. ABCDE|Address 1|ABCDE|3|000040000000000|2|ABCDE|21011980|2|000000000000000000000000000001|21011980|000000000000000000000000000001|21011980|500000|036|P01|000040000000000|01175|000000000000000000000000000001|08052022|18052022|1|11110|00004000000000000|2|S131102L|000040000000000|1|Alamat 1|000040000000000|18052022|003|01|001|UM|1|1
L0000010000007349|PT. ABCDE||P|7371117003960000|033223901801000|Banda Aceh|Kelurahan 1|Kecamatan 1|11750|1201|Province 1|62215505550|6281123456790|ABCDE@gmail.com|Jakarta|21011980|00|PT. ABCDE|Address 1|ABCDE|3|000040000000000|2|ABCDE|21011980|2|000000000000000000000000000001|21011980|000000000000000000000000000001|21011980|500000|036|P01|000040000000000|01175|000000000000000000000000000001|08052022|18052022|1|11110|00004000000000000|2|S131102L|000040000000000|1|Alamat 1|000040000000000|18052022|003|01|001|UM|1|1
L0000010000007348|PT. ABCDE|P||7371117003960000|033223901801000|Banda Aceh|Kelurahan 1|Kecamatan 1|11750|1201|Province 1|62215505550|6281123456790|ABCDE@gmail.com|Jakarta|21011980|00|PT. ABCDE|Address 1|ABCDE|3|000040000000000|2|ABCDE|21011980|2|000000000000000000000000000001|21011980|000000000000000000000000000001|21011980|500000|036|P01|000040000000000|01175|000000000000000000000000000001|08052022|18052022|1|11110|00004000000000000|2|S131102L|000040000000000|1|Alamat 1|000040000000000|18052022|003|01|001|UM|1|1
L0000010000007348|PT. ABCDE|B|X|7371117003960000|033223901801000|Banda Aceh|Kelurahan 1|Kecamatan 1|11750|1201|Province 1|62215505550|6281123456790|ABCDE@gmail.com|Jakarta|21011980|00|PT. ABCDE|Address 1|ABCDE|3|000040000000000|2|ABCDE|21011980|2|000000000000000000000000000001|21011980|000000000000000000000000000001|21011980|500000|036|P01|000040000000000|01175|000000000000000000000000000001|08052022|18052022|1|11110|00004000000000000|2|S131102L|000040000000000|1|Alamat 1|000040000000000|18052022|003|01|001|UM|1|1
L0000010000007348|PT. ABCDE|B|P||033223901801000|Banda Aceh|Kelurahan 1|Kecamatan 1|11750|1201|Province 1|62215505550|6281123456790|ABCDE@gmail.com|Jakarta|21011980|00|PT. ABCDE|Address 1|ABCDE|3|000040000000000|2|ABCDE|21011980|2|000000000000000000000000000001|21011980|000000000000000000000000000001|21011980|500000|036|P01|000040000000000|01175|000000000000000000000000000001|08052022|18052022|1|11110|00004000000000000|2|S131102L|000040000000000|1|Alamat 1|000040000000000|18052022|003|01|001|UM|1|1
L0000010000007348|PT. ABCDE|B|P|737111150396000A|033223901801000|Banda Aceh|Kelurahan 1|Kecamatan 1|11750|1201|Province 1|62215505550|6281123456790|ABCDE@gmail.com|Jakarta|21011980|00|PT. ABCDE|Address 1|ABCDE|3|000040000000000|2|ABCDE|21011980|2|000000000000000000000000000001|21011980|000000000000000000000000000001|21011980|500000|036|P01|000040000000000|01175|000000000000000000000000000001|08052022|18052022|1|11110|00004000000000000|2|S131102L|000040000000000|1|Alamat 1|000040000000000|18052022|003|01|001|UM|1|1
L0000010000007348|PT. ABCDE|B|P|73711115039600030|033223901801000|Banda Aceh|Kelurahan 1|Kecamatan 1|11750|1201|Province 1|62215505550|6281123456790|ABCDE@gmail.com|Jakarta|21011980|00|PT. ABCDE|Address 1|ABCDE|3|000040000000000|2|ABCDE|21011980|2|000000000000000000000000000001|21011980|000000000000000000000000000001|21011980|500000|036|P01|000040000000000|01175|000000000000000000000000000001|08052022|18052022|1|11110|00004000000000000|2|S131102L|000040000000000|1|Alamat 1|000040000000000|18052022|003|01|001|UM|1|1
L0000010000007348|PT. ABCDE|B|P|737111150396000|033223901801000|Banda Aceh|Kelurahan 1|Kecamatan 1|11750|1201|Province 1|62215505550|6281123456790|ABCDE@gmail.com|Jakarta|21011980|00|PT. ABCDE|Address 1|ABCDE|3|000040000000000|2|ABCDE|21011980|2|000000000000000000000000000001|21011980|000000000000000000000000000001|21011980|500000|036|P01|000040000000000|01175|000000000000000000000000000001|08052022|18052022|1|11110|00004000000000000|2|S131102L|000040000000000|1|Alamat 1|000040000000000|18052022|003|01|001|UM|1|1
L0000010000007348|PT. ABCDE|B|P|7371111503960000|033223901801000|Banda Aceh|Kelurahan 1|Kecamatan 1|11750|1201|Province 1|62215505550|6281123456790|ABCDE@gmail.com|Jakarta|21011980|00|PT. ABCDE|Address 1|ABCDE|3|000040000000000|2|ABCDE|21011980|2|000000000000000000000000000001|21011980|000000000000000000000000000001|21011980|500000|036|P01|000040000000000|01175|000000000000000000000000000001|08052022|18052022|1|11110|00004000000000000|2|S131102L|000040000000000|1|Alamat 1|000040000000000|18052022|003|01|001|UM|1|1
L0000010000007348|PT. ABCDE|B|P|7371110003960000|033223901801000|Banda Aceh|Kelurahan 1|Kecamatan 1|11750|1201|Province 1|62215505550|6281123456790|ABCDE@gmail.com|Jakarta|21011980|00|PT. ABCDE|Address 1|ABCDE|3|000040000000000|2|ABCDE|21011980|2|000000000000000000000000000001|21011980|000000000000000000000000000001|21011980|500000|036|P01|000040000000000|01175|000000000000000000000000000001|08052022|18052022|1|11110|00004000000000000|2|S131102L|000040000000000|1|Alamat 1|000040000000000|18052022|003|01|001|UM|1|1
L0000010000007348|PT. ABCDE|B|P|7371113203960000|033223901801000|Banda Aceh|Kelurahan 1|Kecamatan 1|11750|1201|Province 1|62215505550|6281123456790|ABCDE@gmail.com|Jakarta|21011980|00|PT. ABCDE|Address 1|ABCDE|3|000040000000000|2|ABCDE|21011980|2|000000000000000000000000000001|21011980|000000000000000000000000000001|21011980|500000|036|P01|000040000000000|01175|000000000000000000000000000001|08052022|18052022|1|11110|00004000000000000|2|S131102L|000040000000000|1|Alamat 1|000040000000000|18052022|003|01|001|UM|1|1
L0000010000007348|PT. ABCDE|B|P|7371111500960000|033223901801000|Banda Aceh|Kelurahan 1|Kecamatan 1|11750|1201|Province 1|62215505550|6281123456790|ABCDE@gmail.com|Jakarta|21011980|00|PT. ABCDE|Address 1|ABCDE|3|000040000000000|2|ABCDE|21011980|2|000000000000000000000000000001|21011980|000000000000000000000000000001|21011980|500000|036|P01|000040000000000|01175|000000000000000000000000000001|08052022|18052022|1|11110|00004000000000000|2|S131102L|000040000000000|1|Alamat 1|000040000000000|18052022|003|01|001|UM|1|1
L0000010000007348|PT. ABCDE|B|P|7371111513960000|033223901801000|Banda Aceh|Kelurahan 1|Kecamatan 1|11750|1201|Province 1|62215505550|6281123456790|ABCDE@gmail.com|Jakarta|21011980|00|PT. ABCDE|Address 1|ABCDE|3|000040000000000|2|ABCDE|21011980|2|000000000000000000000000000001|21011980|000000000000000000000000000001|21011980|500000|036|P01|000040000000000|01175|000000000000000000000000000001|08052022|18052022|1|11110|00004000000000000|2|S131102L|000040000000000|1|Alamat 1|000040000000000|18052022|003|01|001|UM|1|1
L0000010000007348|PT. ABCDE|B|P|7371114003960000|033223901801000|Banda Aceh|Kelurahan 1|Kecamatan 1|11750|1201|Province 1|62215505550|6281123456790|ABCDE@gmail.com|Jakarta|21011980|00|PT. ABCDE|Address 1|ABCDE|3|000040000000000|2|ABCDE|21011980|2|000000000000000000000000000001|21011980|000000000000000000000000000001|21011980|500000|036|P01|000040000000000|01175|000000000000000000000000000001|08052022|18052022|1|11110|00004000000000000|2|S131102L|000040000000000|1|Alamat 1|000040000000000|18052022|003|01|001|UM|1|1
L0000010000007348|PT. ABCDE|B|P|7371117203960000|033223901801000|Banda Aceh|Kelurahan 1|Kecamatan 1|11750|1201|Province 1|62215505550|6281123456790|ABCDE@gmail.com|Jakarta|21011980|00|PT. ABCDE|Address 1|ABCDE|3|000040000000000|2|ABCDE|21011980|2|000000000000000000000000000001|21011980|000000000000000000000000000001|21011980|500000|036|P01|000040000000000|01175|000000000000000000000000000001|08052022|18052022|1|11110|00004000000000000|2|S131102L|000040000000000|1|Alamat 1|000040000000000|18052022|003|01|001|UM|1|1
L0000010000007348|PT. ABCDE|B|P|7371117003960000||Banda Aceh|Kelurahan 1|Kecamatan 1|11750|1201|Province 1|62215505550|6281123456790|ABCDE@gmail.com|Jakarta|21011980|00|PT. ABCDE|Address 1|ABCDE|3|000040000000000|2|ABCDE|21011980|2|000000000000000000000000000001|21011980|000000000000000000000000000001|21011980|500000|036|P01|000040000000000|01175|000000000000000000000000000001|08052022|18052022|1|11110|00004000000000000|2|S131102L|000040000000000|1|Alamat 1|000040000000000|18052022|003|01|001|UM|1|1
L0000010000007348|PT. ABCDE|P|P|7371117003960000|9332239018010001|Banda Aceh|Kelurahan 1|Kecamatan 1|11750|1201|Province 1|62215505550|6281123456790|ABCDE@gmail.com|Jakarta|21011980|00|PT. ABCDE|Address 1|ABCDE|3|000040000000000|2|ABCDE|21011980|2|000000000000000000000000000001|21011980|000000000000000000000000000001|21011980|500000|036|P01|000040000000000|01175|000000000000000000000000000001|08052022|18052022|1|11110|00004000000000000|2|S131102L|000040000000000|1|Alamat 1|000040000000000|18052022|003|01|001|UM|1|1
L0000010000007348|PT. ABCDE|P|P|7371117003960000|93322390180100|Banda Aceh|Kelurahan 1|Kecamatan 1|11750|1201|Province 1|62215505550|6281123456790|ABCDE@gmail.com|Jakarta|21011980|00|PT. ABCDE|Address 1|ABCDE|3|000040000000000|2|ABCDE|21011980|2|000000000000000000000000000001|21011980|000000000000000000000000000001|21011980|500000|036|P01|000040000000000|01175|000000000000000000000000000001|08052022|18052022|1|11110|00004000000000000|2|S131102L|000040000000000|1|Alamat 1|000040000000000|18052022|003|01|001|UM|1|1
L0000010000007348|PT. ABCDE|P|P|7371117003960000|9332239 0180100|Banda Aceh|Kelurahan 1|Kecamatan 1|11750|1201|Province 1|62215505550|6281123456790|ABCDE@gmail.com|Jakarta|21011980|00|PT. ABCDE|Address 1|ABCDE|3|000040000000000|2|ABCDE|21011980|2|000000000000000000000000000001|21011980|000000000000000000000000000001|21011980|500000|036|P01|000040000000000|01175|000000000000000000000000000001|08052022|18052022|1|11110|00004000000000000|2|S131102L|000040000000000|1|Alamat 1|000040000000000|18052022|003|01|001|UM|1|1
L0000010000007348|PT. ABCDE|P|P|7371117003960000|93322390180100A|Banda Aceh|Kelurahan 1|Kecamatan 1|11750|1201|Province 1|62215505550|6281123456790|ABCDE@gmail.com|Jakarta|21011980|00|PT. ABCDE|Address 1|ABCDE|3|000040000000000|2|ABCDE|21011980|2|000000000000000000000000000001|21011980|000000000000000000000000000001|21011980|500000|036|P01|000040000000000|01175|000000000000000000000000000001|08052022|18052022|1|11110|00004000000000000|2|S131102L|000040000000000|1|Alamat 1|000040000000000|18052022|003|01|001|UM|1|1
L0000010000007348|PT. ABCDE|P|P|7371117003960000|013223901801000|Banda Aceh|Kelurahan 1|Kecamatan 1|11750|1201|Province 1|62215505550|6281123456790|ABCDE@gmail.com|Jakarta|21011980|00|PT. ABCDE|Address 1|ABCDE|3|000040000000000|2|ABCDE|21011980|2|000000000000000000000000000001|21011980|000000000000000000000000000001|21011980|500000|036|P01|000040000000000|01175|000000000000000000000000000001|08052022|18052022|1|11110|00004000000000000|2|S131102L|000040000000000|1|Alamat 1|000040000000000|18052022|003|01|001|UM|1|1
L0000010000007348|PT. ABCDE|P|P|7371117003960000|023223901801000|Banda Aceh|Kelurahan 1|Kecamatan 1|11750|1201|Province 1|62215505550|6281123456790|ABCDE@gmail.com|Jakarta|21011980|00|PT. ABCDE|Address 1|ABCDE|3|000040000000000|2|ABCDE|21011980|2|000000000000000000000000000001|21011980|000000000000000000000000000001|21011980|500000|036|P01|000040000000000|01175|000000000000000000000000000001|08052022|18052022|1|11110|00004000000000000|2|S131102L|000040000000000|1|Alamat 1|000040000000000|18052022|003|01|001|UM|1|1
L0000010000007348|PT. ABCDE|P|P|7371117003960000|033223901801000|Banda Aceh|Kelurahan 1|Kecamatan 1|11750|1201|Province 1|62215505550|6281123456790|ABCDE@gmail.com|Jakarta|21011980|00|PT. ABCDE|Address 1|ABCDE|3|000040000000000|2|ABCDE|21011980|2|000000000000000000000000000001|21011980|000000000000000000000000000001|21011980|500000|036|P01|000040000000000|01175|000000000000000000000000000001|08052022|18052022|1|11110|00004000000000000|2|S131102L|000040000000000|1|Alamat 1|000040000000000|18052022|003|01|001|UM|1|1
L0000010000007348|PT. ABCDE|B|P|7371117003960000|033223901801000||Kelurahan 1|Kecamatan 1|11750|1201|Province 1|62215505550|6281123456790|ABCDE@gmail.com|Jakarta|21011980|00|PT. ABCDE|Address 1|ABCDE|3|000040000000000|2|ABCDE|21011980|2|000000000000000000000000000001|21011980|000000000000000000000000000001|21011980|500000|036|P01|000040000000000|01175|000000000000000000000000000001|08052022|18052022|1|11110|00004000000000000|2|S131102L|000040000000000|1|Alamat 1|000040000000000|18052022|003|01|001|UM|1|1
L0000010000007348|PT. ABCDE|B|P|7371117003960000|033223901801000|Banda  Aceh|Kelurahan 1|Kecamatan 1|11750|1201|Province 1|62215505550|6281123456790|ABCDE@gmail.com|Jakarta|21011980|00|PT. ABCDE|Address 1|ABCDE|3|000040000000000|2|ABCDE|21011980|2|000000000000000000000000000001|21011980|000000000000000000000000000001|21011980|500000|036|P01|000040000000000|01175|000000000000000000000000000001|08052022|18052022|1|11110|00004000000000000|2|S131102L|000040000000000|1|Alamat 1|000040000000000|18052022|003|01|001|UM|1|1
L0000010000007348|PT. ABCDE|B|P|7371117003960000|033223901801000|JL. ABCDEFGIA SDFASDSAD ASDA 123ASDA ADSA SDFASDSAD ASDA 123ASDA ADSA|Kelurahan 1|Kecamatan 1|11750|1201|Province 1|62215505550|6281123456790|ABCDE@gmail.com|Jakarta|21011980|00|PT. ABCDE|Address 1|ABCDE|3|000040000000000|2|ABCDE|21011980|2|000000000000000000000000000001|21011980|000000000000000000000000000001|21011980|500000|036|P01|000040000000000|01175|000000000000000000000000000001|08052022|18052022|1|11110|00004000000000000|2|S131102L|000040000000000|1|Alamat 1|000040000000000|18052022|003|01|001|UM|1|1
L0000010000007348|PT. ABCDE|B|P|7371117003960000|033223901801000|Banda Aceh||Kecamatan 1|11750|1201|Province 1|62215505550|6281123456790|ABCDE@gmail.com|Jakarta|21011980|00|PT. ABCDE|Address 1|ABCDE|3|000040000000000|2|ABCDE|21011980|2|000000000000000000000000000001|21011980|000000000000000000000000000001|21011980|500000|036|P01|000040000000000|01175|000000000000000000000000000001|08052022|18052022|1|11110|00004000000000000|2|S131102L|000040000000000|1|Alamat 1|000040000000000|18052022|003|01|001|UM|1|1
L0000010000007348|PT. ABCDE|B|P|7371117003960000|033223901801000|Banda Aceh|Kelurahan  1|Kecamatan 1|11750|1201|Province 1|62215505550|6281123456790|ABCDE@gmail.com|Jakarta|21011980|00|PT. ABCDE|Address 1|ABCDE|3|000040000000000|2|ABCDE|21011980|2|000000000000000000000000000001|21011980|000000000000000000000000000001|21011980|500000|036|P01|000040000000000|01175|000000000000000000000000000001|08052022|18052022|1|11110|00004000000000000|2|S131102L|000040000000000|1|Alamat 1|000040000000000|18052022|003|01|001|UM|1|1
L0000010000007348|PT. ABCDE|B|P|7371117003960000|033223901801000|Banda Aceh|JL. ABCDEFGIA SDFASDSAD ASDA 123ASDA ADSA SDFASDSAD ASDA 123ASDA ADSA|Kecamatan 1|11750|1201|Province 1|62215505550|6281123456790|ABCDE@gmail.com|Jakarta|21011980|00|PT. ABCDE|Address 1|ABCDE|3|000040000000000|2|ABCDE|21011980|2|000000000000000000000000000001|21011980|000000000000000000000000000001|21011980|500000|036|P01|000040000000000|01175|000000000000000000000000000001|08052022|18052022|1|11110|00004000000000000|2|S131102L|000040000000000|1|Alamat 1|000040000000000|18052022|003|01|001|UM|1|1
L0000010000007348|PT. ABCDE|B|P|7371117003960000|033223901801000|Banda Aceh|Kelurahan 1||11750|1201|Province 1|62215505550|6281123456790|ABCDE@gmail.com|Jakarta|21011980|00|PT. ABCDE|Address 1|ABCDE|3|000040000000000|2|ABCDE|21011980|2|000000000000000000000000000001|21011980|000000000000000000000000000001|21011980|500000|036|P01|000040000000000|01175|000000000000000000000000000001|08052022|18052022|1|11110|00004000000000000|2|S131102L|000040000000000|1|Alamat 1|000040000000000|18052022|003|01|001|UM|1|1
L0000010000007348|PT. ABCDE|B|P|7371117003960000|033223901801000|Banda Aceh|Kelurahan 1|Kecamatan  1|11750|1201|Province 1|62215505550|6281123456790|ABCDE@gmail.com|Jakarta|21011980|00|PT. ABCDE|Address 1|ABCDE|3|000040000000000|2|ABCDE|21011980|2|000000000000000000000000000001|21011980|000000000000000000000000000001|21011980|500000|036|P01|000040000000000|01175|000000000000000000000000000001|08052022|18052022|1|11110|00004000000000000|2|S131102L|000040000000000|1|Alamat 1|000040000000000|18052022|003|01|001|UM|1|1
L0000010000007348|PT. ABCDE|B|P|7371117003960000|033223901801000|Banda Aceh|Kelurahan 1|JL. ABCDEFGIA SDFASDSAD ASDA 123ASDA ADSA SDFASDSAD ASDA 123ASDA ADSA|11750|1201|Province 1|62215505550|6281123456790|ABCDE@gmail.com|Jakarta|21011980|00|PT. ABCDE|Address 1|ABCDE|3|000040000000000|2|ABCDE|21011980|2|000000000000000000000000000001|21011980|000000000000000000000000000001|21011980|500000|036|P01|000040000000000|01175|000000000000000000000000000001|08052022|18052022|1|11110|00004000000000000|2|S131102L|000040000000000|1|Alamat 1|000040000000000|18052022|003|01|001|UM|1|1
L0000010000007348|PT. ABCDE|B|P|7371117003960000|033223901801000|Banda Aceh|Kelurahan 1|Kecamatan 1||1201|Province 1|62215505550|6281123456790|ABCDE@gmail.com|Jakarta|21011980|00|PT. ABCDE|Address 1|ABCDE|3|000040000000000|2|ABCDE|21011980|2|000000000000000000000000000001|21011980|000000000000000000000000000001|21011980|500000|036|P01|000040000000000|01175|000000000000000000000000000001|08052022|18052022|1|11110|00004000000000000|2|S131102L|000040000000000|1|Alamat 1|000040000000000|18052022|003|01|001|UM|1|1
L0000010000007348|PT. ABCDE|B|P|7371117003960000|033223901801000|Banda Aceh|Kelurahan 1|Kecamatan 1|11  0|1201|Province 1|62215505550|6281123456790|ABCDE@gmail.com|Jakarta|21011980|00|PT. ABCDE|Address 1|ABCDE|3|000040000000000|2|ABCDE|21011980|2|000000000000000000000000000001|21011980|000000000000000000000000000001|21011980|500000|036|P01|000040000000000|01175|000000000000000000000000000001|08052022|18052022|1|11110|00004000000000000|2|S131102L|000040000000000|1|Alamat 1|000040000000000|18052022|003|01|001|UM|1|1
L0000010000007348|PT. ABCDE|B|P|7371117003960000|033223901801000|Banda Aceh|Kelurahan 1|Kecamatan 1|117501|1201|Province 1|62215505550|6281123456790|ABCDE@gmail.com|Jakarta|21011980|00|PT. ABCDE|Address 1|ABCDE|3|000040000000000|2|ABCDE|21011980|2|000000000000000000000000000001|21011980|000000000000000000000000000001|21011980|500000|036|P01|000040000000000|01175|000000000000000000000000000001|08052022|18052022|1|11110|00004000000000000|2|S131102L|000040000000000|1|Alamat 1|000040000000000|18052022|003|01|001|UM|1|1
L0000010000007348|PT. ABCDE|B|P|7371117003960000|033223901801000|Banda Aceh|Kelurahan 1|Kecamatan 1|1175|1201|Province 1|62215505550|6281123456790|ABCDE@gmail.com|Jakarta|21011980|00|PT. ABCDE|Address 1|ABCDE|3|000040000000000|2|ABCDE|21011980|2|000000000000000000000000000001|21011980|000000000000000000000000000001|21011980|500000|036|P01|000040000000000|01175|000000000000000000000000000001|08052022|18052022|1|11110|00004000000000000|2|S131102L|000040000000000|1|Alamat 1|000040000000000|18052022|003|01|001|UM|1|1
L0000010000007348|PT. ABCDE|B|P|7371117003960000|033223901801000|Banda Aceh|Kelurahan 1|Kecamatan 1|1175A|1201|Province 1|62215505550|6281123456790|ABCDE@gmail.com|Jakarta|21011980|00|PT. ABCDE|Address 1|ABCDE|3|000040000000000|2|ABCDE|21011980|2|000000000000000000000000000001|21011980|000000000000000000000000000001|21011980|500000|036|P01|000040000000000|01175|000000000000000000000000000001|08052022|18052022|1|11110|00004000000000000|2|S131102L|000040000000000|1|Alamat 1|000040000000000|18052022|003|01|001|UM|1|1
L0000010000007348|PT. ABCDE|B|P|7371117003960000|033223901801000|Banda Aceh|Kelurahan 1|Kecamatan 1|11750||Province 1|62215505550|6281123456790|ABCDE@gmail.com|Jakarta|21011980|00|PT. ABCDE|Address 1|ABCDE|3|000040000000000|2|ABCDE|21011980|2|000000000000000000000000000001|21011980|000000000000000000000000000001|21011980|500000|036|P01|000040000000000|01175|000000000000000000000000000001|08052022|18052022|1|11110|00004000000000000|2|S131102L|000040000000000|1|Alamat 1|000040000000000|18052022|003|01|001|UM|1|1
L0000010000007348|PT. ABCDE|B|P|7371117003960000|033223901801000|Banda Aceh|Kelurahan 1|Kecamatan 1|11750|12011|Province 1|62215505550|6281123456790|ABCDE@gmail.com|Jakarta|21011980|00|PT. ABCDE|Address 1|ABCDE|3|000040000000000|2|ABCDE|21011980|2|000000000000000000000000000001|21011980|000000000000000000000000000001|21011980|500000|036|P01|000040000000000|01175|000000000000000000000000000001|08052022|18052022|1|11110|00004000000000000|2|S131102L|000040000000000|1|Alamat 1|000040000000000|18052022|003|01|001|UM|1|1
L0000010000007348|PT. ABCDE|B|P|7371117003960000|033223901801000|Banda Aceh|Kelurahan 1|Kecamatan 1|11750|120|Province 1|62215505550|6281123456790|ABCDE@gmail.com|Jakarta|21011980|00|PT. ABCDE|Address 1|ABCDE|3|000040000000000|2|ABCDE|21011980|2|000000000000000000000000000001|21011980|000000000000000000000000000001|21011980|500000|036|P01|000040000000000|01175|000000000000000000000000000001|08052022|18052022|1|11110|00004000000000000|2|S131102L|000040000000000|1|Alamat 1|000040000000000|18052022|003|01|001|UM|1|1
L0000010000007348|PT. ABCDE|B|P|7371117003960000|033223901801000|Banda Aceh|Kelurahan 1|Kecamatan 1|11750|120A|Province 1|62215505550|6281123456790|ABCDE@gmail.com|Jakarta|21011980|00|PT. ABCDE|Address 1|ABCDE|3|000040000000000|2|ABCDE|21011980|2|000000000000000000000000000001|21011980|000000000000000000000000000001|21011980|500000|036|P01|000040000000000|01175|000000000000000000000000000001|08052022|18052022|1|11110|00004000000000000|2|S131102L|000040000000000|1|Alamat 1|000040000000000|18052022|003|01|001|UM|1|1
L0000010000007348|PT. ABCDE|B|P|7371117003960000|033223901801000|Banda Aceh|Kelurahan 1|Kecamatan 1|11750|1201||62215505550|6281123456790|ABCDE@gmail.com|Jakarta|21011980|00|PT. ABCDE|Address 1|ABCDE|3|000040000000000|2|ABCDE|21011980|2|000000000000000000000000000001|21011980|000000000000000000000000000001|21011980|500000|036|P01|000040000000000|01175|000000000000000000000000000001|08052022|18052022|1|11110|00004000000000000|2|S131102L|000040000000000|1|Alamat 1|000040000000000|18052022|003|01|001|UM|1|1
L0000010000007348|PT. ABCDE|B|P|7371117003960000|033223901801000|Banda Aceh|Kelurahan 1|Kecamatan 1|11750|1201|JL. ABCDEFGIA SDFASDSAD ASDA 123ASDA ADSA SDFASDSAD ASDA 123ASDA ADSA|62215505550|6281123456790|ABCDE@gmail.com|Jakarta|21011980|00|PT. ABCDE|Address 1|ABCDE|3|000040000000000|2|ABCDE|21011980|2|000000000000000000000000000001|21011980|000000000000000000000000000001|21011980|500000|036|P01|000040000000000|01175|000000000000000000000000000001|08052022|18052022|1|11110|00004000000000000|2|S131102L|000040000000000|1|Alamat 1|000040000000000|18052022|003|01|001|UM|1|1
L0000010000007348|PT. ABCDE|B|P|7371117003960000|033223901801000|Banda Aceh|Kelurahan 1|Kecamatan 1|11750|1201|Province 1||6281123456790|ABCDE@gmail.com|Jakarta|21011980|00|PT. ABCDE|Address 1|ABCDE|3|000040000000000|2|ABCDE|21011980|2|000000000000000000000000000001|21011980|000000000000000000000000000001|21011980|500000|036|P01|000040000000000|01175|000000000000000000000000000001|08052022|18052022|1|11110|00004000000000000|2|S131102L|000040000000000|1|Alamat 1|000040000000000|18052022|003|01|001|UM|1|1
L0000010000007348|PT. ABCDE|B|P|7371117003960000|033223901801000|Banda Aceh|Kelurahan 1|Kecamatan 1|11750|1201|Province 1|62215505550124|6281123456790|ABCDE@gmail.com|Jakarta|21011980|00|PT. ABCDE|Address 1|ABCDE|3|000040000000000|2|ABCDE|21011980|2|000000000000000000000000000001|21011980|000000000000000000000000000001|21011980|500000|036|P01|000040000000000|01175|000000000000000000000000000001|08052022|18052022|1|11110|00004000000000000|2|S131102L|000040000000000|1|Alamat 1|000040000000000|18052022|003|01|001|UM|1|1
L0000010000007348|PT. ABCDE|B|P|7371117003960000|033223901801000|Banda Aceh|Kelurahan 1|Kecamatan 1|11750|1201|Province 1|62215505550A|6281123456790|ABCDE@gmail.com|Jakarta|21011980|00|PT. ABCDE|Address 1|ABCDE|3|000040000000000|2|ABCDE|21011980|2|000000000000000000000000000001|21011980|000000000000000000000000000001|21011980|500000|036|P01|000040000000000|01175|000000000000000000000000000001|08052022|18052022|1|11110|00004000000000000|2|S131102L|000040000000000|1|Alamat 1|000040000000000|18052022|003|01|001|UM|1|1
L0000010000007348|PT. ABCDE|B|P|7371117003960000|033223901801000|Banda Aceh|Kelurahan 1|Kecamatan 1|11750|1201|Province 1|02215505550|6281123456790|ABCDE@gmail.com|Jakarta|21011980|00|PT. ABCDE|Address 1|ABCDE|3|000040000000000|2|ABCDE|21011980|2|000000000000000000000000000001|21011980|000000000000000000000000000001|21011980|500000|036|P01|000040000000000|01175|000000000000000000000000000001|08052022|18052022|1|11110|00004000000000000|2|S131102L|000040000000000|1|Alamat 1|000040000000000|18052022|003|01|001|UM|1|1
L0000010000007348|PT. ABCDE|P|P|7371117003960000|033223901801000|Banda Aceh|Kelurahan 1|Kecamatan 1|11750|1201|Province 1|62215505550||ABCDE@gmail.com|Jakarta|21011980|00|PT. ABCDE|Address 1|ABCDE|3|000040000000000|2|ABCDE|21011980|2|000000000000000000000000000001|21011980|000000000000000000000000000001|21011980|500000|036|P01|000040000000000|01175|000000000000000000000000000001|08052022|18052022|1|11110|00004000000000000|2|S131102L|000040000000000|1|Alamat 1|000040000000000|18052022|003|01|001|UM|1|1
L0000010000007348|PT. ABCDE|B|P|7371117003960000|033223901801000|Banda Aceh|Kelurahan 1|Kecamatan 1|11750|1201|Province 1|62215505550|622155055501242215505550124|ABCDE@gmail.com|Jakarta|21011980|00|PT. ABCDE|Address 1|ABCDE|3|000040000000000|2|ABCDE|21011980|2|000000000000000000000000000001|21011980|000000000000000000000000000001|21011980|500000|036|P01|000040000000000|01175|000000000000000000000000000001|08052022|18052022|1|11110|00004000000000000|2|S131102L|000040000000000|1|Alamat 1|000040000000000|18052022|003|01|001|UM|1|1
L0000010000007348|PT. ABCDE|B|P|7371117003960000|033223901801000|Banda Aceh|Kelurahan 1|Kecamatan 1|11750|1201|Province 1|62215505550|62215505550A|ABCDE@gmail.com|Jakarta|21011980|00|PT. ABCDE|Address 1|ABCDE|3|000040000000000|2|ABCDE|21011980|2|000000000000000000000000000001|21011980|000000000000000000000000000001|21011980|500000|036|P01|000040000000000|01175|000000000000000000000000000001|08052022|18052022|1|11110|00004000000000000|2|S131102L|000040000000000|1|Alamat 1|000040000000000|18052022|003|01|001|UM|1|1
L0000010000007348|PT. ABCDE|B|P|7371117003960000|033223901801000|Banda Aceh|Kelurahan 1|Kecamatan 1|11750|1201|Province 1|62215505550|02215505550|ABCDE@gmail.com|Jakarta|21011980|00|PT. ABCDE|Address 1|ABCDE|3|000040000000000|2|ABCDE|21011980|2|000000000000000000000000000001|21011980|000000000000000000000000000001|21011980|500000|036|P01|000040000000000|01175|000000000000000000000000000001|08052022|18052022|1|11110|00004000000000000|2|S131102L|000040000000000|1|Alamat 1|000040000000000|18052022|003|01|001|UM|1|1
L0000010000007348|PT. ABCDE|B|P|7371117003960000|033223901801000|Banda Aceh|Kelurahan 1|Kecamatan 1|11750|1201|Province 1|62215505550|6281123456790||Jakarta|21011980|00|PT. ABCDE|Address 1|ABCDE|3|000040000000000|2|ABCDE|21011980|2|000000000000000000000000000001|21011980|000000000000000000000000000001|21011980|500000|036|P01|000040000000000|01175|000000000000000000000000000001|08052022|18052022|1|11110|00004000000000000|2|S131102L|000040000000000|1|Alamat 1|000040000000000|18052022|003|01|001|UM|1|1
L0000010000007348|PT. ABCDE|B|P|7371117003960000|033223901801000|Banda Aceh|Kelurahan 1|Kecamatan 1|11750|1201|Province 1|62215505550|6281123456790|ABCDEFQWEQEWQASDASDQWEWQEWQEWQEDSADSAQWEWEWQ1WQWQWEWQEQ@gmail.com|Jakarta|21011980|00|PT. ABCDE|Address 1|ABCDE|3|000040000000000|2|ABCDE|21011980|2|000000000000000000000000000001|21011980|000000000000000000000000000001|21011980|500000|036|P01|000040000000000|01175|000000000000000000000000000001|08052022|18052022|1|11110|00004000000000000|2|S131102L|000040000000000|1|Alamat 1|000040000000000|18052022|003|01|001|UM|1|1
L0000010000007348|PT. ABCDE|B|P|7371117003960000|033223901801000|Banda Aceh|Kelurahan 1|Kecamatan 1|11750|1201|Province 1|62215505550|6281123456790|ABCDEgmail.com|Jakarta|21011980|00|PT. ABCDE|Address 1|ABCDE|3|000040000000000|2|ABCDE|21011980|2|000000000000000000000000000001|21011980|000000000000000000000000000001|21011980|500000|036|P01|000040000000000|01175|000000000000000000000000000001|08052022|18052022|1|11110|00004000000000000|2|S131102L|000040000000000|1|Alamat 1|000040000000000|18052022|003|01|001|UM|1|1
L0000010000007348|PT. ABCDE|P|P|7371117003960000|033223901801000|Banda Aceh|Kelurahan 1|Kecamatan 1|11750|1201|Province 1|62215505550|6281123456790|ABCDE@gmail.com||21011980|00|PT. ABCDE|Address 1|ABCDE|3|000040000000000|2|ABCDE|21011980|2|000000000000000000000000000001|21011980|000000000000000000000000000001|21011980|500000|036|P01|000040000000000|01175|000000000000000000000000000001|08052022|18052022|1|11110|00004000000000000|2|S131102L|000040000000000|1|Alamat 1|000040000000000|18052022|003|01|001|UM|1|1
L0000010000007348|PT. ABCDE|B|P|7371117003960000|033223901801000|Banda Aceh|Kelurahan 1|Kecamatan 1|11750|1201|Province 1|62215505550|6281123456790|ABCDE@gmail.com|ABCDEFQWEQEWQASDASDQWEWQEWQEWQEDSADSAQWEWEWQ1WQWQWEWQEQ|21011980|00|PT. ABCDE|Address 1|ABCDE|3|000040000000000|2|ABCDE|21011980|2|000000000000000000000000000001|21011980|000000000000000000000000000001|21011980|500000|036|P01|000040000000000|01175|000000000000000000000000000001|08052022|18052022|1|11110|00004000000000000|2|S131102L|000040000000000|1|Alamat 1|000040000000000|18052022|003|01|001|UM|1|1
L0000010000007348|PT. ABCDE|B|P|7371117003960000|033223901801000|Banda Aceh|Kelurahan 1|Kecamatan 1|11750|1201|Province 1|62215505550|6281123456790|ABCDE@gmail.com|Jakarta|01211980|00|PT. ABCDE|Address 1|ABCDE|3|000040000000000|2|ABCDE|21011980|2|000000000000000000000000000001|21011980|000000000000000000000000000001|21011980|500000|036|P01|000040000000000|01175|000000000000000000000000000001|08052022|18052022|1|11110|00004000000000000|2|S131102L|000040000000000|1|Alamat 1|000040000000000|18052022|003|01|001|UM|1|1
L0000010000007348|PT. ABCDE|B|P|7371117003960000|033223901801000|Banda Aceh|Kelurahan 1|Kecamatan 1|11750|1201|Province 1|62215505550|6281123456790|ABCDE@gmail.com|Jakarta|0121198A|00|PT. ABCDE|Address 1|ABCDE|3|000040000000000|2|ABCDE|21011980|2|000000000000000000000000000001|21011980|000000000000000000000000000001|21011980|500000|036|P01|000040000000000|01175|000000000000000000000000000001|08052022|18052022|1|11110|00004000000000000|2|S131102L|000040000000000|1|Alamat 1|000040000000000|18052022|003|01|001|UM|1|1
L0000010000007348|PT. ABCDE|P|P|7371117003960000|033223901801000|Banda Aceh|Kelurahan 1|Kecamatan 1|11750|1201|Province 1|62215505550|6281123456790|ABCDE@gmail.com|Jakarta||00|PT. ABCDE|Address 1|ABCDE|3|000040000000000|2|ABCDE|21011980|2|000000000000000000000000000001|21011980|000000000000000000000000000001|21011980|500000|036|P01|000040000000000|01175|000000000000000000000000000001|08052022|18052022|1|11110|00004000000000000|2|S131102L|000040000000000|1|Alamat 1|000040000000000|18052022|003|01|001|UM|1|1
L0000010000007348|PT. ABCDE|B|P|7371117003960000|033223901801000|Banda Aceh|Kelurahan 1|Kecamatan 1|11750|1201|Province 1|62215505550|6281123456790|ABCDE@gmail.com|Jakarta|21011980|AA|PT. ABCDE|Address 1|ABCDE|3|000040000000000|2|ABCDE|21011980|2|000000000000000000000000000001|21011980|000000000000000000000000000001|21011980|500000|036|P01|000040000000000|01175|000000000000000000000000000001|08052022|18052022|1|11110|00004000000000000|2|S131102L|000040000000000|1|Alamat 1|000040000000000|18052022|003|01|001|UM|1|1
L0000010000007348|PT. ABCDE|P|P|7371117003960000|033223901801000|Banda Aceh|Kelurahan 1|Kecamatan 1|11750|1201|Province 1|62215505550|6281123456790|ABCDE@gmail.com|Jakarta|21011980|00||Address 1|ABCDE|3|000040000000000|2|ABCDE|21011980|2|000000000000000000000000000001|21011980|000000000000000000000000000001|21011980|500000|036|P01|000040000000000|01175|000000000000000000000000000001|08052022|18052022|1|11110|00004000000000000|2|S131102L|000040000000000|1|Alamat 1|000040000000000|18052022|003|01|001|UM|1|1
L0000010000007348|PT. ABCDE|B|P|7371117003960000|033223901801000|Banda Aceh|Kelurahan 1|Kecamatan 1|11750|1201|Province 1|62215505550|6281123456790|ABCDE@gmail.com|Jakarta|21011980|00|ABCDEFQWEQEWQASDASDQWEWQEWQEWQEDSADSAQWEWEWQ1WQWQWEWQEQ|Address 1|ABCDE|3|000040000000000|2|ABCDE|21011980|2|000000000000000000000000000001|21011980|000000000000000000000000000001|21011980|500000|036|P01|000040000000000|01175|000000000000000000000000000001|08052022|18052022|1|11110|00004000000000000|2|S131102L|000040000000000|1|Alamat 1|000040000000000|18052022|003|01|001|UM|1|1
L0000010000007348|PT. ABCDE|P|P|7371117003960000|033223901801000|Banda Aceh|Kelurahan 1|Kecamatan 1|11750|1201|Province 1|62215505550|6281123456790|ABCDE@gmail.com|Jakarta|21011980|00|PT. ABCDE||ABCDE|3|000040000000000|2|ABCDE|21011980|2|000000000000000000000000000001|21011980|000000000000000000000000000001|21011980|500000|036|P01|000040000000000|01175|000000000000000000000000000001|08052022|18052022|1|11110|00004000000000000|2|S131102L|000040000000000|1|Alamat 1|000040000000000|18052022|003|01|001|UM|1|1
L0000010000007348|PT. ABCDE|B|P|7371117003960000|033223901801000|Banda Aceh|Kelurahan 1|Kecamatan 1|11750|1201|Province 1|62215505550|6281123456790|ABCDE@gmail.com|Jakarta|21011980|00|PT. ABCDE|ABCDEFQWEQEWQASDASDQWEWQEWQEWQEDSADSAQWEWEWQ1WQWQWEWQEQ ABCDEFQWEQEWQASDASDQWEWQEWQEWQEDSADSAQWEWEWQ1WQWQWEWQEQ ABCDEFQWEQEWQASDASDQWEWQEWQEWQEDSADSAQWEWEWQ1WQWQWEWQEQ ABCDEFQWEQEWQASDASDQWEWQEWQEWQEDSADSAQWEWEWQ1WQWQWEWQEQ ABCDEFQWEQEWQASDASDQWEWQEWQEWQEDSADSAQWEWEWQ1WQWQWEWQEQ ABCDEFQWEQEWQASDASDQWEWQEWQEWQEDSADSAQWEWEWQ1WQWQWEWQEQ ABCDEFQWEQEWQASDASDQWEWQEWQEWQEDSADSAQWEWEWQ1WQWQWEWQEQ ABCDEFQWEQEWQASDASDQWEWQEWQEWQEDSADSAQWEWEWQ1WQWQWEWQEQ|ABCDE|3|000040000000000|2|ABCDE|21011980|2|000000000000000000000000000001|21011980|000000000000000000000000000001|21011980|500000|036|P01|000040000000000|01175|000000000000000000000000000001|08052022|18052022|1|11110|00004000000000000|2|S131102L|000040000000000|1|Alamat 1|000040000000000|18052022|003|01|001|UM|1|1
L0000010000007348|PT. ABCDE|P|P|7371117003960000|033223901801000|Banda Aceh|Kelurahan 1|Kecamatan 1|11750|1201|Province 1|62215505550|6281123456790|ABCDE@gmail.com|Jakarta|21011980|00|PT. ABCDE|Address 1||3|000040000000000|2|ABCDE|21011980|2|000000000000000000000000000001|21011980|000000000000000000000000000001|21011980|500000|036|P01|000040000000000|01175|000000000000000000000000000001|08052022|18052022|1|11110|00004000000000000|2|S131102L|000040000000000|1|Alamat 1|000040000000000|18052022|003|01|001|UM|1|1
L0000010000007348|PT. ABCDE|B|P|7371117003960000|033223901801000|Banda Aceh|Kelurahan 1|Kecamatan 1|11750|1201|Province 1|62215505550|6281123456790|ABCDE@gmail.com|Jakarta|21011980|00|PT. ABCDE|Address 1|ABCDEFQWEQEWQASDASDQWEWQEWQEWQEDSADSAQWEWEWQ1WQWQWEWQEQ|3|000040000000000|2|ABCDE|21011980|2|000000000000000000000000000001|21011980|000000000000000000000000000001|21011980|500000|036|P01|000040000000000|01175|000000000000000000000000000001|08052022|18052022|1|11110|00004000000000000|2|S131102L|000040000000000|1|Alamat 1|000040000000000|18052022|003|01|001|UM|1|1
L0000010000007348|PT. ABCDE|P|P|7371117003960000|033223901801000|Banda Aceh|Kelurahan 1|Kecamatan 1|11750|1201|Province 1|62215505550|6281123456790|ABCDE@gmail.com|Jakarta|21011980|00|PT. ABCDE|Address 1|ABCDE||000040000000000|2|ABCDE|21011980|2|000000000000000000000000000001|21011980|000000000000000000000000000001|21011980|500000|036|P01|000040000000000|01175|000000000000000000000000000001|08052022|18052022|1|11110|00004000000000000|2|S131102L|000040000000000|1|Alamat 1|000040000000000|18052022|003|01|001|UM|1|1
L0000010000007348|PT. ABCDE|B|P|7371117003960000|033223901801000|Banda Aceh|Kelurahan 1|Kecamatan 1|11750|1201|Province 1|62215505550|6281123456790|ABCDE@gmail.com|Jakarta|21011980|00|PT. ABCDE|Address 1|ABCDE|X|000040000000000|2|ABCDE|21011980|2|000000000000000000000000000001|21011980|000000000000000000000000000001|21011980|500000|036|P01|000040000000000|01175|000000000000000000000000000001|08052022|18052022|1|11110|00004000000000000|2|S131102L|000040000000000|1|Alamat 1|000040000000000|18052022|003|01|001|UM|1|1
L0000010000007348|PT. ABCDE|B|P|7371117003960000|033223901801000|Banda Aceh|Kelurahan 1|Kecamatan 1|11750|1201|Province 1|62215505550|6281123456790|ABCDE@gmail.com|Jakarta|21011980|00|PT. ABCDE|Address 1|ABCDE|3|00000050000000|2|ABCDE|21011980|2|000000000000000000000000000001|21011980|000000000000000000000000000001|21011980|500000|036|P01|000040000000000|01175|000000000000000000000000000001|08052022|18052022|1|11110|00004000000000000|2|S131102L|000040000000000|1|Alamat 1|000040000000000|18052022|003|01|001|UM|1|1
L0000010000007348|PT. ABCDE|B|P|7371117003960000|033223901801000|Banda Aceh|Kelurahan 1|Kecamatan 1|11750|1201|Province 1|62215505550|6281123456790|ABCDE@gmail.com|Jakarta|21011980|00|PT. ABCDE|Address 1|ABCDE|3|0000005000000000|2|ABCDE|21011980|2|000000000000000000000000000001|21011980|000000000000000000000000000001|21011980|500000|036|P01|000040000000000|01175|000000000000000000000000000001|08052022|18052022|1|11110|00004000000000000|2|S131102L|000040000000000|1|Alamat 1|000040000000000|18052022|003|01|001|UM|1|1
L0000010000007348|PT. ABCDE|P|P|7371117003960000|033223901801000|Banda Aceh|Kelurahan 1|Kecamatan 1|11750|1201|Province 1|62215505550|6281123456790|ABCDE@gmail.com|Jakarta|21011980|00|PT. ABCDE|Address 1|ABCDE|3||2|ABCDE|21011980|2|000000000000000000000000000001|21011980|000000000000000000000000000001|21011980|500000|036|P01|000040000000000|01175|000000000000000000000000000001|08052022|18052022|1|11110|00004000000000000|2|S131102L|000040000000000|1|Alamat 1|000040000000000|18052022|003|01|001|UM|1|1
L0000010000007348|PT. ABCDE|B|P|7371117003960000|033223901801000|Banda Aceh|Kelurahan 1|Kecamatan 1|11750|1201|Province 1|62215505550|6281123456790|ABCDE@gmail.com|Jakarta|21011980|00|PT. ABCDE|Address 1|ABCDE|3|00000050000000A|2|ABCDE|21011980|2|000000000000000000000000000001|21011980|000000000000000000000000000001|21011980|500000|036|P01|000040000000000|01175|000000000000000000000000000001|08052022|18052022|1|11110|00004000000000000|2|S131102L|000040000000000|1|Alamat 1|000040000000000|18052022|003|01|001|UM|1|1
L0000010000007348|PT. ABCDE|P|P|7371117003960000|033223901801000|Banda Aceh|Kelurahan 1|Kecamatan 1|11750|1201|Province 1|62215505550|6281123456790|ABCDE@gmail.com|Jakarta|21011980|00|PT. ABCDE|Address 1|ABCDE|3|000040000000000||ABCDE|21011980|2|000000000000000000000000000001|21011980|000000000000000000000000000001|21011980|500000|036|P01|000040000000000|01175|000000000000000000000000000001|08052022|18052022|1|11110|00004000000000000|2|S131102L|000040000000000|1|Alamat 1|000040000000000|18052022|003|01|001|UM|1|1
L0000010000007348|PT. ABCDE|B|P|7371117003960000|033223901801000|Banda Aceh|Kelurahan 1|Kecamatan 1|11750|1201|Province 1|62215505550|6281123456790|ABCDE@gmail.com|Jakarta|21011980|00|PT. ABCDE|Address 1|ABCDE|3|000040000000000|X|ABCDE|21011980|2|000000000000000000000000000001|21011980|000000000000000000000000000001|21011980|500000|036|P01|000040000000000|01175|000000000000000000000000000001|08052022|18052022|1|11110|00004000000000000|2|S131102L|000040000000000|1|Alamat 1|000040000000000|18052022|003|01|001|UM|1|1
L0000010000007348|PT. ABCDE|B|P|7371117003960000|033223901801000|Banda Aceh|Kelurahan 1|Kecamatan 1|11750|1201|Province 1|62215505550|6281123456790|ABCDE@gmail.com|Jakarta|21011980|00|PT. ABCDE|Address 1|ABCDE|3|000040000000000|2|ABCDEFQWEQEWQASDASDQWEWQEWQEWQEDSADSAQWEWEWQ1WQWQWEWQEQ|21011980|2|000000000000000000000000000001|21011980|000000000000000000000000000001|21011980|500000|036|P01|000040000000000|01175|000000000000000000000000000001|08052022|18052022|1|11110|00004000000000000|2|S131102L|000040000000000|1|Alamat 1|000040000000000|18052022|003|01|001|UM|1|1
L0000010000007348|PT. ABCDE|B|P|7371117003960000|033223901801000|Banda Aceh|Kelurahan 1|Kecamatan 1|11750|1201|Province 1|62215505550|6281123456790|ABCDE@gmail.com|Jakarta|21011980|00|PT. ABCDE|Address 1|ABCDE|3|000040000000000|2|ABCD  EFQWEQ|21011980|2|000000000000000000000000000001|21011980|000000000000000000000000000001|21011980|500000|036|P01|000040000000000|01175|000000000000000000000000000001|08052022|18052022|1|11110|00004000000000000|2|S131102L|000040000000000|1|Alamat 1|000040000000000|18052022|003|01|001|UM|1|1
L0000010000007348|PT. ABCDE|B|P|7371117003960000|033223901801000|Banda Aceh|Kelurahan 1|Kecamatan 1|11750|1201|Province 1|62215505550|6281123456790|ABCDE@gmail.com|Jakarta|21011980|00|PT. ABCDE|Address 1|ABCDE|3|000040000000000|2|ABCDE|01211980|2|000000000000000000000000000001|21011980|000000000000000000000000000001|21011980|500000|036|P01|000040000000000|01175|000000000000000000000000000001|08052022|18052022|1|11110|00004000000000000|2|S131102L|000040000000000|1|Alamat 1|000040000000000|18052022|003|01|001|UM|1|1
L0000010000007348|PT. ABCDE|B|P|7371117003960000|033223901801000|Banda Aceh|Kelurahan 1|Kecamatan 1|11750|1201|Province 1|62215505550|6281123456790|ABCDE@gmail.com|Jakarta|21011980|00|PT. ABCDE|Address 1|ABCDE|3|000040000000000|2|ABCDE|2101198A|2|000000000000000000000000000001|21011980|000000000000000000000000000001|21011980|500000|036|P01|000040000000000|01175|000000000000000000000000000001|08052022|18052022|1|11110|00004000000000000|2|S131102L|000040000000000|1|Alamat 1|000040000000000|18052022|003|01|001|UM|1|1
L0000010000007348|PT. ABCDE|B|P|7371117003960000|033223901801000|Banda Aceh|Kelurahan 1|Kecamatan 1|11750|1201|Province 1|62215505550|6281123456790|ABCDE@gmail.com|Jakarta|21011980|00|PT. ABCDE|Address 1|ABCDE|3|000040000000000|2|ABCDE|21011980|X|000000000000000000000000000001|21011980|000000000000000000000000000001|21011980|500000|036|P01|000040000000000|01175|000000000000000000000000000001|08052022|18052022|1|11110|00004000000000000|2|S131102L|000040000000000|1|Alamat 1|000040000000000|18052022|003|01|001|UM|1|1
L0000010000007348|PT. ABCDE|B|P|7371117003960000|033223901801000|Banda Aceh|Kelurahan 1|Kecamatan 1|11750|1201|Province 1|62215505550|6281123456790|ABCDE@gmail.com|Jakarta|21011980|00|PT. ABCDE|Address 1|ABCDE|3|000040000000000|2|ABCDE|21011980|2||21011980|000000000000000000000000000001|21011980|500000|036|P01|000040000000000|01175|000000000000000000000000000001|08052022|18052022|1|11110|00004000000000000|2|S131102L|000040000000000|1|Alamat 1|000040000000000|18052022|003|01|001|UM|1|1
L0000010000007348|PT. ABCDE|B|P|7371117003960000|033223901801000|Banda Aceh|Kelurahan 1|Kecamatan 1|11750|1201|Province 1|62215505550|6281123456790|ABCDE@gmail.com|Jakarta|21011980|00|PT. ABCDE|Address 1|ABCDE|3|000040000000000|2|ABCDE|21011980|2|000000000000000000000000000001A|21011980|000000000000000000000000000001|21011980|500000|036|P01|000040000000000|01175|000000000000000000000000000001|08052022|18052022|1|11110|00004000000000000|2|S131102L|000040000000000|1|Alamat 1|000040000000000|18052022|003|01|001|UM|1|1
L0000010000007348|PT. ABCDE|B|P|7371117003960000|033223901801000|Banda Aceh|Kelurahan 1|Kecamatan 1|11750|1201|Province 1|62215505550|6281123456790|ABCDE@gmail.com|Jakarta|21011980|00|PT. ABCDE|Address 1|ABCDE|3|000040000000000|2|ABCDE|21011980|2|000000000000000000000000000001||000000000000000000000000000001|21011980|500000|036|P01|000040000000000|01175|000000000000000000000000000001|08052022|18052022|1|11110|00004000000000000|2|S131102L|000040000000000|1|Alamat 1|000040000000000|18052022|003|01|001|UM|1|1
L0000010000007348|PT. ABCDE|B|P|7371117003960000|033223901801000|Banda Aceh|Kelurahan 1|Kecamatan 1|11750|1201|Province 1|62215505550|6281123456790|ABCDE@gmail.com|Jakarta|21011980|00|PT. ABCDE|Address 1|ABCDE|3|000040000000000|2|ABCDE|21011980|2|000000000000000000000000000001|01211980|000000000000000000000000000001|21011980|500000|036|P01|000040000000000|01175|000000000000000000000000000001|08052022|18052022|1|11110|00004000000000000|2|S131102L|000040000000000|1|Alamat 1|000040000000000|18052022|003|01|001|UM|1|1
L0000010000007348|PT. ABCDE|B|P|7371117003960000|033223901801000|Banda Aceh|Kelurahan 1|Kecamatan 1|11750|1201|Province 1|62215505550|6281123456790|ABCDE@gmail.com|Jakarta|21011980|00|PT. ABCDE|Address 1|ABCDE|3|000040000000000|2|ABCDE|21011980|2|000000000000000000000000000001|2101198A|000000000000000000000000000001|21011980|500000|036|P01|000040000000000|01175|000000000000000000000000000001|08052022|18052022|1|11110|00004000000000000|2|S131102L|000040000000000|1|Alamat 1|000040000000000|18052022|003|01|001|UM|1|1
L0000010000007348|PT. ABCDE|B|P|7371117003960000|033223901801000|Banda Aceh|Kelurahan 1|Kecamatan 1|11750|1201|Province 1|62215505550|6281123456790|ABCDE@gmail.com|Jakarta|21011980|00|PT. ABCDE|Address 1|ABCDE|3|000040000000000|2|ABCDE|21011980|2|000000000000000000000000000001|21011980||21011980|500000|036|P01|000040000000000|01175|000000000000000000000000000001|08052022|18052022|1|11110|00004000000000000|2|S131102L|000040000000000|1|Alamat 1|000040000000000|18052022|003|01|001|UM|1|1
L0000010000007348|PT. ABCDE|B|P|7371117003960000|033223901801000|Banda Aceh|Kelurahan 1|Kecamatan 1|11750|1201|Province 1|62215505550|6281123456790|ABCDE@gmail.com|Jakarta|21011980|00|PT. ABCDE|Address 1|ABCDE|3|000040000000000|2|ABCDE|21011980|2|000000000000000000000000000001|21011980|000000000000000000000000000001A|21011980|500000|036|P01|000040000000000|01175|000000000000000000000000000001|08052022|18052022|1|11110|00004000000000000|2|S131102L|000040000000000|1|Alamat 1|000040000000000|18052022|003|01|001|UM|1|1
L0000010000007348|PT. ABCDE|B|P|7371117003960000|033223901801000|Banda Aceh|Kelurahan 1|Kecamatan 1|11750|1201|Province 1|62215505550|6281123456790|ABCDE@gmail.com|Jakarta|21011980|00|PT. ABCDE|Address 1|ABCDE|3|000040000000000|2|ABCDE|21011980|2|000000000000000000000000000001|21011980|000000000000000000000000000001||500000|036|P01|000040000000000|01175|000000000000000000000000000001|08052022|18052022|1|11110|00004000000000000|2|S131102L|000040000000000|1|Alamat 1|000040000000000|18052022|003|01|001|UM|1|1
L0000010000007348|PT. ABCDE|B|P|7371117003960000|033223901801000|Banda Aceh|Kelurahan 1|Kecamatan 1|11750|1201|Province 1|62215505550|6281123456790|ABCDE@gmail.com|Jakarta|21011980|00|PT. ABCDE|Address 1|ABCDE|3|000040000000000|2|ABCDE|21011980|2|000000000000000000000000000001|21011980|000000000000000000000000000001|01211980|500000|036|P01|000040000000000|01175|000000000000000000000000000001|08052022|18052022|1|11110|00004000000000000|2|S131102L|000040000000000|1|Alamat 1|000040000000000|18052022|003|01|001|UM|1|1
L0000010000007348|PT. ABCDE|B|P|7371117003960000|033223901801000|Banda Aceh|Kelurahan 1|Kecamatan 1|11750|1201|Province 1|62215505550|6281123456790|ABCDE@gmail.com|Jakarta|21011980|00|PT. ABCDE|Address 1|ABCDE|3|000040000000000|2|ABCDE|21011980|2|000000000000000000000000000001|21011980|000000000000000000000000000001|2101198A|500000|036|P01|000040000000000|01175|000000000000000000000000000001|08052022|18052022|1|11110|00004000000000000|2|S131102L|000040000000000|1|Alamat 1|000040000000000|18052022|003|01|001|UM|1|1
L0000010000007348|PT. ABCDE|B|P|7371117003960000|033223901801000|Banda Aceh|Kelurahan 1|Kecamatan 1|11750|1201|Province 1|62215505550|6281123456790|ABCDE@gmail.com|Jakarta|21011980|00|PT. ABCDE|Address 1|ABCDE|3|000040000000000|2|ABCDE|21011980|2|000000000000000000000000000001|21011980|000000000000000000000000000001|21011980||036|P01|000040000000000|01175|000000000000000000000000000001|08052022|18052022|1|11110|00004000000000000|2|S131102L|000040000000000|1|Alamat 1|000040000000000|18052022|003|01|001|UM|1|1
L0000010000007348|PT. ABCDE|B|P|7371117003960000|033223901801000|Banda Aceh|Kelurahan 1|Kecamatan 1|11750|1201|Province 1|62215505550|6281123456790|ABCDE@gmail.com|Jakarta|21011980|00|PT. ABCDE|Address 1|ABCDE|3|000040000000000|2|ABCDE|21011980|2|000000000000000000000000000001|21011980|000000000000000000000000000001|21011980|AAAAAA|036|P01|000040000000000|01175|000000000000000000000000000001|08052022|18052022|1|11110|00004000000000000|2|S131102L|000040000000000|1|Alamat 1|000040000000000|18052022|003|01|001|UM|1|1
L0000010000007348|PT. ABCDE|B|P|7371117003960000|033223901801000|Banda Aceh|Kelurahan 1|Kecamatan 1|11750|1201|Province 1|62215505550|6281123456790|ABCDE@gmail.com|Jakarta|21011980|00|PT. ABCDE|Address 1|ABCDE|3|000040000000000|2|ABCDE|21011980|2|000000000000000000000000000001|21011980|000000000000000000000000000001|21011980|500000||P01|000040000000000|01175|000000000000000000000000000001|08052022|18052022|1|11110|00004000000000000|2|S131102L|000040000000000|1|Alamat 1|000040000000000|18052022|003|01|001|UM|1|1
L0000010000007348|PT. ABCDE|B|P|7371117003960000|033223901801000|Banda Aceh|Kelurahan 1|Kecamatan 1|11750|1201|Province 1|62215505550|6281123456790|ABCDE@gmail.com|Jakarta|21011980|00|PT. ABCDE|Address 1|ABCDE|3|000040000000000|2|ABCDE|21011980|2|000000000000000000000000000001|21011980|000000000000000000000000000001|21011980|500000|0360|P01|000040000000000|01175|000000000000000000000000000001|08052022|18052022|1|11110|00004000000000000|2|S131102L|000040000000000|1|Alamat 1|000040000000000|18052022|003|01|001|UM|1|1
L0000010000007348|PT. ABCDE|B|P|7371117003960000|033223901801000|Banda Aceh|Kelurahan 1|Kecamatan 1|11750|1201|Province 1|62215505550|6281123456790|ABCDE@gmail.com|Jakarta|21011980|00|PT. ABCDE|Address 1|ABCDE|3|000040000000000|2|ABCDE|21011980|2|000000000000000000000000000001|21011980|000000000000000000000000000001|21011980|500000|03|P01|000040000000000|01175|000000000000000000000000000001|08052022|18052022|1|11110|00004000000000000|2|S131102L|000040000000000|1|Alamat 1|000040000000000|18052022|003|01|001|UM|1|1
L0000010000007348|PT. ABCDE|B|P|7371117003960000|033223901801000|Banda Aceh|Kelurahan 1|Kecamatan 1|11750|1201|Province 1|62215505550|6281123456790|ABCDE@gmail.com|Jakarta|21011980|00|PT. ABCDE|Address 1|ABCDE|3|000040000000000|2|ABCDE|21011980|2|000000000000000000000000000001|21011980|000000000000000000000000000001|21011980|500000|03A|P01|000040000000000|01175|000000000000000000000000000001|08052022|18052022|1|11110|00004000000000000|2|S131102L|000040000000000|1|Alamat 1|000040000000000|18052022|003|01|001|UM|1|1
L0000010000007348|PT. ABCDE|B|P|7371117003960000|033223901801000|Banda Aceh|Kelurahan 1|Kecamatan 1|11750|1201|Province 1|62215505550|6281123456790|ABCDE@gmail.com|Jakarta|21011980|00|PT. ABCDE|Address 1|ABCDE|3|000040000000000|2|ABCDE|21011980|2|000000000000000000000000000001|21011980|000000000000000000000000000001|21011980|500000|036||000040000000000|01175|000000000000000000000000000001|08052022|18052022|1|11110|00004000000000000|2|S131102L|000040000000000|1|Alamat 1|000040000000000|18052022|003|01|001|UM|1|1
L0000010000007348|PT. ABCDE|B|P|7371117003960000|033223901801000|Banda Aceh|Kelurahan 1|Kecamatan 1|11750|1201|Province 1|62215505550|6281123456790|ABCDE@gmail.com|Jakarta|21011980|00|PT. ABCDE|Address 1|ABCDE|3|000040000000000|2|ABCDE|21011980|2|000000000000000000000000000001|21011980|000000000000000000000000000001|21011980|500000|036|XXXX|000040000000000|01175|000000000000000000000000000001|08052022|18052022|1|11110|00004000000000000|2|S131102L|000040000000000|1|Alamat 1|000040000000000|18052022|003|01|001|UM|1|1
L0000010000007348|PT. ABCDE|B|P|7371117003960000|033223901801000|Banda Aceh|Kelurahan 1|Kecamatan 1|11750|1201|Province 1|62215505550|6281123456790|ABCDE@gmail.com|Jakarta|21011980|00|PT. ABCDE|Address 1|ABCDE|3|000040000000000|2|ABCDE|21011980|2|000000000000000000000000000001|21011980|000000000000000000000000000001|21011980|500000|036|P01||01175|000000000000000000000000000001|08052022|18052022|1|11110|00004000000000000|2|S131102L|000040000000000|1|Alamat 1|000040000000000|18052022|003|01|001|UM|1|1
L0000010000007348|PT. ABCDE|B|P|7371117003960000|033223901801000|Banda Aceh|Kelurahan 1|Kecamatan 1|11750|1201|Province 1|62215505550|6281123456790|ABCDE@gmail.com|Jakarta|21011980|00|PT. ABCDE|Address 1|ABCDE|3|000040000000000|2|ABCDE|21011980|2|000000000000000000000000000001|21011980|000000000000000000000000000001|21011980|500000|036|P01|0000400000000001|01175|000000000000000000000000000001|08052022|18052022|1|11110|00004000000000000|2|S131102L|000040000000000|1|Alamat 1|000040000000000|18052022|003|01|001|UM|1|1
L0000010000007348|PT. ABCDE|B|P|7371117003960000|033223901801000|Banda Aceh|Kelurahan 1|Kecamatan 1|11750|1201|Province 1|62215505550|6281123456790|ABCDE@gmail.com|Jakarta|21011980|00|PT. ABCDE|Address 1|ABCDE|3|000040000000000|2|ABCDE|21011980|2|000000000000000000000000000001|21011980|000000000000000000000000000001|21011980|500000|036|P01|00004000000000|01175|000000000000000000000000000001|08052022|18052022|1|11110|00004000000000000|2|S131102L|000040000000000|1|Alamat 1|000040000000000|18052022|003|01|001|UM|1|1
L0000010000007348|PT. ABCDE|B|P|7371117003960000|033223901801000|Banda Aceh|Kelurahan 1|Kecamatan 1|11750|1201|Province 1|62215505550|6281123456790|ABCDE@gmail.com|Jakarta|21011980|00|PT. ABCDE|Address 1|ABCDE|3|000040000000000|2|ABCDE|21011980|2|000000000000000000000000000001|21011980|000000000000000000000000000001|21011980|500000|036|P01|00004000000000A|01175|000000000000000000000000000001|08052022|18052022|1|11110|00004000000000000|2|S131102L|000040000000000|1|Alamat 1|000040000000000|18052022|003|01|001|UM|1|1
L0000010000007348|PT. ABCDE|B|P|7371117003960000|033223901801000|Banda Aceh|Kelurahan 1|Kecamatan 1|11750|1201|Province 1|62215505550|6281123456790|ABCDE@gmail.com|Jakarta|21011980|00|PT. ABCDE|Address 1|ABCDE|3|000040000000000|2|ABCDE|21011980|2|000000000000000000000000000001|21011980|000000000000000000000000000001|21011980|500000|036|P01|000040000000000||000000000000000000000000000001|08052022|18052022|1|11110|00004000000000000|2|S131102L|000040000000000|1|Alamat 1|000040000000000|18052022|003|01|001|UM|1|1
L0000010000007348|PT. ABCDE|B|P|7371117003960000|033223901801000|Banda Aceh|Kelurahan 1|Kecamatan 1|11750|1201|Province 1|62215505550|6281123456790|ABCDE@gmail.com|Jakarta|21011980|00|PT. ABCDE|Address 1|ABCDE|3|000040000000000|2|ABCDE|21011980|2|000000000000000000000000000001|21011980|000000000000000000000000000001|21011980|500000|036|P01|000040000000000|011750|000000000000000000000000000001|08052022|18052022|1|11110|00004000000000000|2|S131102L|000040000000000|1|Alamat 1|000040000000000|18052022|003|01|001|UM|1|1
L0000010000007348|PT. ABCDE|B|P|7371117003960000|033223901801000|Banda Aceh|Kelurahan 1|Kecamatan 1|11750|1201|Province 1|62215505550|6281123456790|ABCDE@gmail.com|Jakarta|21011980|00|PT. ABCDE|Address 1|ABCDE|3|000040000000000|2|ABCDE|21011980|2|000000000000000000000000000001|21011980|000000000000000000000000000001|21011980|500000|036|P01|000040000000000|0117|000000000000000000000000000001|08052022|18052022|1|11110|00004000000000000|2|S131102L|000040000000000|1|Alamat 1|000040000000000|18052022|003|01|001|UM|1|1
L0000010000007348|PT. ABCDE|B|P|7371117003960000|033223901801000|Banda Aceh|Kelurahan 1|Kecamatan 1|11750|1201|Province 1|62215505550|6281123456790|ABCDE@gmail.com|Jakarta|21011980|00|PT. ABCDE|Address 1|ABCDE|3|000040000000000|2|ABCDE|21011980|2|000000000000000000000000000001|21011980|000000000000000000000000000001|21011980|500000|036|P01|000040000000000|0117A|000000000000000000000000000001|08052022|18052022|1|11110|00004000000000000|2|S131102L|000040000000000|1|Alamat 1|000040000000000|18052022|003|01|001|UM|1|1
L0000010000007348|PT. ABCDE|B|P|7371117003960000|033223901801000|Banda Aceh|Kelurahan 1|Kecamatan 1|11750|1201|Province 1|62215505550|6281123456790|ABCDE@gmail.com|Jakarta|21011980|00|PT. ABCDE|Address 1|ABCDE|3|000040000000000|2|ABCDE|21011980|2|000000000000000000000000000001|21011980|000000000000000000000000000001|21011980|500000|036|P01|000040000000000|01175||08052022|18052022|1|11110|00004000000000000|2|S131102L|000040000000000|1|Alamat 1|000040000000000|18052022|003|01|001|UM|1|1
L0000010000007348|PT. ABCDE|B|P|7371117003960000|033223901801000|Banda Aceh|Kelurahan 1|Kecamatan 1|11750|1201|Province 1|62215505550|6281123456790|ABCDE@gmail.com|Jakarta|21011980|00|PT. ABCDE|Address 1|ABCDE|3|000040000000000|2|ABCDE|21011980|2|000000000000000000000000000001|21011980|000000000000000000000000000001|21011980|500000|036|P01|000040000000000|01175|000000000000000000000000000001A|08052022|18052022|1|11110|00004000000000000|2|S131102L|000040000000000|1|Alamat 1|000040000000000|18052022|003|01|001|UM|1|1
L0000010000007348|PT. ABCDE|B|P|7371117003960000|033223901801000|Banda Aceh|Kelurahan 1|Kecamatan 1|11750|1201|Province 1|62215505550|6281123456790|ABCDE@gmail.com|Jakarta|21011980|00|PT. ABCDE|Address 1|ABCDE|3|000040000000000|2|ABCDE|21011980|2|000000000000000000000000000001|21011980|000000000000000000000000000001|21011980|500000|036|P01|000040000000000|01175|000000000000000000000000000001||18052022|1|11110|00004000000000000|2|S131102L|000040000000000|1|Alamat 1|000040000000000|18052022|003|01|001|UM|1|1
L0000010000007348|PT. ABCDE|B|P|7371117003960000|033223901801000|Banda Aceh|Kelurahan 1|Kecamatan 1|11750|1201|Province 1|62215505550|6281123456790|ABCDE@gmail.com|Jakarta|21011980|00|PT. ABCDE|Address 1|ABCDE|3|000040000000000|2|ABCDE|21011980|2|000000000000000000000000000001|21011980|000000000000000000000000000001|21011980|500000|036|P01|000040000000000|01175|000000000000000000000000000001|01211980|18052022|1|11110|00004000000000000|2|S131102L|000040000000000|1|Alamat 1|000040000000000|18052022|003|01|001|UM|1|1
L0000010000007348|PT. ABCDE|B|P|7371117003960000|033223901801000|Banda Aceh|Kelurahan 1|Kecamatan 1|11750|1201|Province 1|62215505550|6281123456790|ABCDE@gmail.com|Jakarta|21011980|00|PT. ABCDE|Address 1|ABCDE|3|000040000000000|2|ABCDE|21011980|2|000000000000000000000000000001|21011980|000000000000000000000000000001|21011980|500000|036|P01|000040000000000|01175|000000000000000000000000000001|2101198A|18052022|1|11110|00004000000000000|2|S131102L|000040000000000|1|Alamat 1|000040000000000|18052022|003|01|001|UM|1|1
L0000010000007348|PT. ABCDE|B|P|7371117003960000|033223901801000|Banda Aceh|Kelurahan 1|Kecamatan 1|11750|1201|Province 1|62215505550|6281123456790|ABCDE@gmail.com|Jakarta|21011980|00|PT. ABCDE|Address 1|ABCDE|3|000040000000000|2|ABCDE|21011980|2|000000000000000000000000000001|21011980|000000000000000000000000000001|21011980|500000|036|P01|000040000000000|01175|000000000000000000000000000001|08052022|05052022|1|11110|00004000000000000|2|S131102L|000040000000000|1|Alamat 1|000040000000000|18052022|003|01|001|UM|1|1
L0000010000007348|PT. ABCDE|B|P|7371117003960000|033223901801000|Banda Aceh|Kelurahan 1|Kecamatan 1|11750|1201|Province 1|62215505550|6281123456790|ABCDE@gmail.com|Jakarta|21011980|00|PT. ABCDE|Address 1|ABCDE|3|000040000000000|2|ABCDE|21011980|2|000000000000000000000000000001|21011980|000000000000000000000000000001|21011980|500000|036|P01|000040000000000|01175|000000000000000000000000000001|08052025|18052022|1|11110|00004000000000000|2|S131102L|000040000000000|1|Alamat 1|000040000000000|18052022|003|01|001|UM|1|1
L0000010000007348|PT. ABCDE|B|P|7371117003960000|033223901801000|Banda Aceh|Kelurahan 1|Kecamatan 1|11750|1201|Province 1|62215505550|6281123456790|ABCDE@gmail.com|Jakarta|21011980|00|PT. ABCDE|Address 1|ABCDE|3|000040000000000|2|ABCDE|21011980|2|000000000000000000000000000001|21011980|000000000000000000000000000001|21011980|500000|036|P01|000040000000000|01175|000000000000000000000000000001|08052022||1|11110|00004000000000000|2|S131102L|000040000000000|1|Alamat 1|000040000000000|18052022|003|01|001|UM|1|1
L0000010000007348|PT. ABCDE|B|P|7371117003960000|033223901801000|Banda Aceh|Kelurahan 1|Kecamatan 1|11750|1201|Province 1|62215505550|6281123456790|ABCDE@gmail.com|Jakarta|21011980|00|PT. ABCDE|Address 1|ABCDE|3|000040000000000|2|ABCDE|21011980|2|000000000000000000000000000001|21011980|000000000000000000000000000001|21011980|500000|036|P01|000040000000000|01175|000000000000000000000000000001|08052022|01211980|1|11110|00004000000000000|2|S131102L|000040000000000|1|Alamat 1|000040000000000|18052022|003|01|001|UM|1|1
L0000010000007348|PT. ABCDE|B|P|7371117003960000|033223901801000|Banda Aceh|Kelurahan 1|Kecamatan 1|11750|1201|Province 1|62215505550|6281123456790|ABCDE@gmail.com|Jakarta|21011980|00|PT. ABCDE|Address 1|ABCDE|3|000040000000000|2|ABCDE|21011980|2|000000000000000000000000000001|21011980|000000000000000000000000000001|21011980|500000|036|P01|000040000000000|01175|000000000000000000000000000001|08052022|2101198A|1|11110|00004000000000000|2|S131102L|000040000000000|1|Alamat 1|000040000000000|18052022|003|01|001|UM|1|1
L0000010000007348|PT. ABCDE|B|P|7371117003960000|033223901801000|Banda Aceh|Kelurahan 1|Kecamatan 1|11750|1201|Province 1|62215505550|6281123456790|ABCDE@gmail.com|Jakarta|21011980|00|PT. ABCDE|Address 1|ABCDE|3|000040000000000|2|ABCDE|21011980|2|000000000000000000000000000001|21011980|000000000000000000000000000001|21011980|500000|036|P01|000040000000000|01175|000000000000000000000000000001|08052022|21011980|1|11110|00004000000000000|2|S131102L|000040000000000|1|Alamat 1|000040000000000|18052022|003|01|001|UM|1|1
L0000010000007348|PT. ABCDE|B|P|7371117003960000|033223901801000|Banda Aceh|Kelurahan 1|Kecamatan 1|11750|1201|Province 1|62215505550|6281123456790|ABCDE@gmail.com|Jakarta|21011980|00|PT. ABCDE|Address 1|ABCDE|3|000040000000000|2|ABCDE|21011980|2|000000000000000000000000000001|21011980|000000000000000000000000000001|21011980|500000|036|P01|000040000000000|01175|000000000000000000000000000001|08052022|18052022||11110|00004000000000000|2|S131102L|000040000000000|1|Alamat 1|000040000000000|18052022|003|01|001|UM|1|1
L0000010000007348|PT. ABCDE|B|P|7371117003960000|033223901801000|Banda Aceh|Kelurahan 1|Kecamatan 1|11750|1201|Province 1|62215505550|6281123456790|ABCDE@gmail.com|Jakarta|21011980|00|PT. ABCDE|Address 1|ABCDE|3|000040000000000|2|ABCDE|21011980|2|000000000000000000000000000001|21011980|000000000000000000000000000001|21011980|500000|036|P01|000040000000000|01175|000000000000000000000000000001|08052022|18052022|X|11110|00004000000000000|2|S131102L|000040000000000|1|Alamat 1|000040000000000|18052022|003|01|001|UM|1|1
L0000010000007348|PT. ABCDE|B|P|7371117003960000|033223901801000|Banda Aceh|Kelurahan 1|Kecamatan 1|11750|1201|Province 1|62215505550|6281123456790|ABCDE@gmail.com|Jakarta|21011980|00|PT. ABCDE|Address 1|ABCDE|3|000040000000000|2|ABCDE|21011980|2|000000000000000000000000000001|21011980|000000000000000000000000000001|21011980|500000|036|P01|000040000000000|01175|000000000000000000000000000001|08052022|18052022|1||00004000000000000|2|S131102L|000040000000000|1|Alamat 1|000040000000000|18052022|003|01|001|UM|1|1
L0000010000007348|PT. ABCDE|B|P|7371117003960000|033223901801000|Banda Aceh|Kelurahan 1|Kecamatan 1|11750|1201|Province 1|62215505550|6281123456790|ABCDE@gmail.com|Jakarta|21011980|00|PT. ABCDE|Address 1|ABCDE|3|000040000000000|2|ABCDE|21011980|2|000000000000000000000000000001|21011980|000000000000000000000000000001|21011980|500000|036|P01|000040000000000|01175|000000000000000000000000000001|08052022|18052022|1|XXXXX|00004000000000000|2|S131102L|000040000000000|1|Alamat 1|000040000000000|18052022|003|01|001|UM|1|1
L0000010000007348|PT. ABCDE|B|P|7371117003960000|033223901801000|Banda Aceh|Kelurahan 1|Kecamatan 1|11750|1201|Province 1|62215505550|6281123456790|ABCDE@gmail.com|Jakarta|21011980|00|PT. ABCDE|Address 1|ABCDE|3|000040000000000|2|ABCDE|21011980|2|000000000000000000000000000001|21011980|000000000000000000000000000001|21011980|500000|036|P01|000040000000000|01175|000000000000000000000000000001|08052022|18052022|1|11110||2|S131102L|000040000000000|1|Alamat 1|000040000000000|18052022|003|01|001|UM|1|1
L0000010000007348|PT. ABCDE|B|P|7371117003960000|033223901801000|Banda Aceh|Kelurahan 1|Kecamatan 1|11750|1201|Province 1|62215505550|6281123456790|ABCDE@gmail.com|Jakarta|21011980|00|PT. ABCDE|Address 1|ABCDE|3|000040000000000|2|ABCDE|21011980|2|000000000000000000000000000001|21011980|000000000000000000000000000001|21011980|500000|036|P01|000040000000000|01175|000000000000000000000000000001|08052022|18052022|1|11110|000040000000000001|2|S131102L|000040000000000|1|Alamat 1|000040000000000|18052022|003|01|001|UM|1|1
L0000010000007348|PT. ABCDE|B|P|7371117003960000|033223901801000|Banda Aceh|Kelurahan 1|Kecamatan 1|11750|1201|Province 1|62215505550|6281123456790|ABCDE@gmail.com|Jakarta|21011980|00|PT. ABCDE|Address 1|ABCDE|3|000040000000000|2|ABCDE|21011980|2|000000000000000000000000000001|21011980|000000000000000000000000000001|21011980|500000|036|P01|000040000000000|01175|000000000000000000000000000001|08052022|18052022|1|11110|00004000000000|2|S131102L|000040000000000|1|Alamat 1|000040000000000|18052022|003|01|001|UM|1|1
L0000010000007348|PT. ABCDE|B|P|7371117003960000|033223901801000|Banda Aceh|Kelurahan 1|Kecamatan 1|11750|1201|Province 1|62215505550|6281123456790|ABCDE@gmail.com|Jakarta|21011980|00|PT. ABCDE|Address 1|ABCDE|3|000040000000000|2|ABCDE|21011980|2|000000000000000000000000000001|21011980|000000000000000000000000000001|21011980|500000|036|P01|000040000000000|01175|000000000000000000000000000001|08052022|18052022|1|11110|0000400000000000A|2|S131102L|000040000000000|1|Alamat 1|000040000000000|18052022|003|01|001|UM|1|1
L0000010000007348|PT. ABCDE|B|P|7371117003960000|033223901801000|Banda Aceh|Kelurahan 1|Kecamatan 1|11750|1201|Province 1|62215505550|6281123456790|ABCDE@gmail.com|Jakarta|21011980|00|PT. ABCDE|Address 1|ABCDE|3|000040000000000|2|ABCDE|21011980|2|000000000000000000000000000001|21011980|000000000000000000000000000001|21011980|500000|036|P01|000040000000000|01175|000000000000000000000000000001|08052022|18052022|1|11110|00004000000000000||S131102L|000040000000000|1|Alamat 1|000040000000000|18052022|003|01|001|UM|1|1
L0000010000007348|PT. ABCDE|B|P|7371117003960000|033223901801000|Banda Aceh|Kelurahan 1|Kecamatan 1|11750|1201|Province 1|62215505550|6281123456790|ABCDE@gmail.com|Jakarta|21011980|00|PT. ABCDE|Address 1|ABCDE|3|000040000000000|2|ABCDE|21011980|2|000000000000000000000000000001|21011980|000000000000000000000000000001|21011980|500000|036|P01|000040000000000|01175|000000000000000000000000000001|08052022|18052022|1|11110|00004000000000000|X|S131102L|000040000000000|1|Alamat 1|000040000000000|18052022|003|01|001|UM|1|1
L0000010000007348|PT. ABCDE|B|P|7371117003960000|033223901801000|Banda Aceh|Kelurahan 1|Kecamatan 1|11750|1201|Province 1|62215505550|6281123456790|ABCDE@gmail.com|Jakarta|21011980|00|PT. ABCDE|Address 1|ABCDE|3|000040000000000|2|ABCDE|21011980|2|000000000000000000000000000001|21011980|000000000000000000000000000001|21011980|500000|036|P01|000040000000000|01175|000000000000000000000000000001|08052022|18052022|1|11110|00004000000000000|2||000040000000000|1|Alamat 1|000040000000000|18052022|003|01|001|UM|1|1
L0000010000007348|PT. ABCDE|B|P|7371117003960000|033223901801000|Banda Aceh|Kelurahan 1|Kecamatan 1|11750|1201|Province 1|62215505550|6281123456790|ABCDE@gmail.com|Jakarta|21011980|00|PT. ABCDE|Address 1|ABCDE|3|000040000000000|2|ABCDE|21011980|2|000000000000000000000000000001|21011980|000000000000000000000000000001|21011980|500000|036|P01|000040000000000|01175|000000000000000000000000000001|08052022|18052022|1|11110|00004000000000000|2|XXXXXXXX|000040000000000|1|Alamat 1|000040000000000|18052022|003|01|001|UM|1|1
L0000010000007348|PT. ABCDE|P|P|7371117003960000|033223901801000|Banda Aceh|Kelurahan 1|Kecamatan 1|11750|1201|Province 1|62215505550|6281123456790|ABCDE@gmail.com|Jakarta|21011980|00|PT. ABCDE|Address 1|ABCDE|3|000040000000000|2|ABCDE|21011980|2|000000000000000000000000000001|21011980|000000000000000000000000000001|21011980|500000|036|P01|000040000000000|01175|000000000000000000000000000001|08052022|18052022|1|11110|00004000000000000|2|S131102L||1|Alamat 1|000040000000000|18052022|003|01|001|UM|1|1
L0000010000007348|PT. ABCDE|B|P|7371117003960000|033223901801000|Banda Aceh|Kelurahan 1|Kecamatan 1|11750|1201|Province 1|62215505550|6281123456790|ABCDE@gmail.com|Jakarta|21011980|00|PT. ABCDE|Address 1|ABCDE|3|000040000000000|2|ABCDE|21011980|2|000000000000000000000000000001|21011980|000000000000000000000000000001|21011980|500000|036|P01|000040000000000|01175|000000000000000000000000000001|08052022|18052022|1|11110|00004000000000000|2|S131102L|0000400000000001|1|Alamat 1|000040000000000|18052022|003|01|001|UM|1|1
L0000010000007348|PT. ABCDE|B|P|7371117003960000|033223901801000|Banda Aceh|Kelurahan 1|Kecamatan 1|11750|1201|Province 1|62215505550|6281123456790|ABCDE@gmail.com|Jakarta|21011980|00|PT. ABCDE|Address 1|ABCDE|3|000040000000000|2|ABCDE|21011980|2|000000000000000000000000000001|21011980|000000000000000000000000000001|21011980|500000|036|P01|000040000000000|01175|000000000000000000000000000001|08052022|18052022|1|11110|00004000000000000|2|S131102L|00004000000000|1|Alamat 1|000040000000000|18052022|003|01|001|UM|1|1
L0000010000007348|PT. ABCDE|B|P|7371117003960000|033223901801000|Banda Aceh|Kelurahan 1|Kecamatan 1|11750|1201|Province 1|62215505550|6281123456790|ABCDE@gmail.com|Jakarta|21011980|00|PT. ABCDE|Address 1|ABCDE|3|000040000000000|2|ABCDE|21011980|2|000000000000000000000000000001|21011980|000000000000000000000000000001|21011980|500000|036|P01|000040000000000|01175|000000000000000000000000000001|08052022|18052022|1|11110|00004000000000000|2|S131102L|00004000000000A|1|Alamat 1|000040000000000|18052022|003|01|001|UM|1|1
L0000010000007348|PT. ABCDE|B|P|7371117003960000|033223901801000|Banda Aceh|Kelurahan 1|Kecamatan 1|11750|1201|Province 1|62215505550|6281123456790|ABCDE@gmail.com|Jakarta|21011980|00|PT. ABCDE|Address 1|ABCDE|3|000040000000000|2|ABCDE|21011980|2|000000000000000000000000000001|21011980|000000000000000000000000000001|21011980|500000|036|P01|000040000000000|01175|000000000000000000000000000001|08052022|18052022|1|11110|00004000000000000|2|S131102L|000040000000000||Alamat 1|000040000000000|18052022|003|01|001|UM|1|1
L0000010000007348|PT. ABCDE|B|P|7371117003960000|033223901801000|Banda Aceh|Kelurahan 1|Kecamatan 1|11750|1201|Province 1|62215505550|6281123456790|ABCDE@gmail.com|Jakarta|21011980|00|PT. ABCDE|Address 1|ABCDE|3|000040000000000|2|ABCDE|21011980|2|000000000000000000000000000001|21011980|000000000000000000000000000001|21011980|500000|036|P01|000040000000000|01175|000000000000000000000000000001|08052022|18052022|1|11110|00004000000000000|2|S131102L|000040000000000|XXX|Alamat 1|000040000000000|18052022|003|01|001|UM|1|1
L0000010000007348|PT. ABCDE|B|P|7371117003960000|033223901801000|Banda Aceh|Kelurahan 1|Kecamatan 1|11750|1201|Province 1|62215505550|6281123456790|ABCDE@gmail.com|Jakarta|21011980|00|PT. ABCDE|Address 1|ABCDE|3|000040000000000|2|ABCDE|21011980|2|000000000000000000000000000001|21011980|000000000000000000000000000001|21011980|500000|036|P01|000040000000000|01175|000000000000000000000000000001|08052022|18052022|1|11110|00004000000000000|2|S131102L|000040000000000|1||000040000000000|18052022|003|01|001|UM|1|1
L0000010000007348|PT. ABCDE|B|P|7371117003960000|033223901801000|Banda Aceh|Kelurahan 1|Kecamatan 1|11750|1201|Province 1|62215505550|6281123456790|ABCDE@gmail.com|Jakarta|21011980|00|PT. ABCDE|Address 1|ABCDE|3|000040000000000|2|ABCDE|21011980|2|000000000000000000000000000001|21011980|000000000000000000000000000001|21011980|500000|036|P01|000040000000000|01175|000000000000000000000000000001|08052022|18052022|1|11110|00004000000000000|2|S131102L|000040000000000|1|ABCDEFQWEQEWQASDASDQWEWQEWQEWQEDSADSAQWEWEWQ1WQWQWEWQEQ|000040000000000|18052022|003|01|001|UM|1|1
L0000010000007348|PT. ABCDE|B|P|7371117003960000|033223901801000|Banda Aceh|Kelurahan 1|Kecamatan 1|11750|1201|Province 1|62215505550|6281123456790|ABCDE@gmail.com|Jakarta|21011980|00|PT. ABCDE|Address 1|ABCDE|3|000040000000000|2|ABCDE|21011980|2|000000000000000000000000000001|21011980|000000000000000000000000000001|21011980|500000|036|P01|000040000000000|01175|000000000000000000000000000001|08052022|18052022|1|11110|00004000000000000|2|S131102L|000040000000000|1|Alamat 1||18052022|003|01|001|UM|1|1
L0000010000007348|PT. ABCDE|B|P|7371117003960000|033223901801000|Banda Aceh|Kelurahan 1|Kecamatan 1|11750|1201|Province 1|62215505550|6281123456790|ABCDE@gmail.com|Jakarta|21011980|00|PT. ABCDE|Address 1|ABCDE|3|000040000000000|2|ABCDE|21011980|2|000000000000000000000000000001|21011980|000000000000000000000000000001|21011980|500000|036|P01|000040000000000|01175|000000000000000000000000000001|08052022|18052022|1|11110|00004000000000000|2|S131102L|000040000000000|1|Alamat 1|0000400000000001|18052022|003|01|001|UM|1|1
L0000010000007348|PT. ABCDE|B|P|7371117003960000|033223901801000|Banda Aceh|Kelurahan 1|Kecamatan 1|11750|1201|Province 1|62215505550|6281123456790|ABCDE@gmail.com|Jakarta|21011980|00|PT. ABCDE|Address 1|ABCDE|3|000040000000000|2|ABCDE|21011980|2|000000000000000000000000000001|21011980|000000000000000000000000000001|21011980|500000|036|P01|000040000000000|01175|000000000000000000000000000001|08052022|18052022|1|11110|00004000000000000|2|S131102L|000040000000000|1|Alamat 1|00004000000000|18052022|003|01|001|UM|1|1
L0000010000007348|PT. ABCDE|B|P|7371117003960000|033223901801000|Banda Aceh|Kelurahan 1|Kecamatan 1|11750|1201|Province 1|62215505550|6281123456790|ABCDE@gmail.com|Jakarta|21011980|00|PT. ABCDE|Address 1|ABCDE|3|000040000000000|2|ABCDE|21011980|2|000000000000000000000000000001|21011980|000000000000000000000000000001|21011980|500000|036|P01|000040000000000|01175|000000000000000000000000000001|08052022|18052022|1|11110|00004000000000000|2|S131102L|000040000000000|1|Alamat 1|00004000000000A|18052022|003|01|001|UM|1|1
L0000010000007348|PT. ABCDE|B|P|7371117003960000|033223901801000|Banda Aceh|Kelurahan 1|Kecamatan 1|11750|1201|Province 1|62215505550|6281123456790|ABCDE@gmail.com|Jakarta|21011980|00|PT. ABCDE|Address 1|ABCDE|3|000040000000000|2|ABCDE|21011980|2|000000000000000000000000000001|21011980|000000000000000000000000000001|21011980|500000|036|P01|000040000000000|01175|000000000000000000000000000001|08052022|18052022|1|11110|00004000000000000|2|S131102L|000040000000000|1|Alamat 1|000040000000000||003|01|001|UM|1|1
L0000010000007348|PT. ABCDE|B|P|7371117003960000|033223901801000|Banda Aceh|Kelurahan 1|Kecamatan 1|11750|1201|Province 1|62215505550|6281123456790|ABCDE@gmail.com|Jakarta|21011980|00|PT. ABCDE|Address 1|ABCDE|3|000040000000000|2|ABCDE|21011980|2|000000000000000000000000000001|21011980|000000000000000000000000000001|21011980|500000|036|P01|000040000000000|01175|000000000000000000000000000001|08052022|18052022|1|11110|00004000000000000|2|S131102L|000040000000000|1|Alamat 1|000040000000000|01211980|003|01|001|UM|1|1
L0000010000007348|PT. ABCDE|B|P|7371117003960000|033223901801000|Banda Aceh|Kelurahan 1|Kecamatan 1|11750|1201|Province 1|62215505550|6281123456790|ABCDE@gmail.com|Jakarta|21011980|00|PT. ABCDE|Address 1|ABCDE|3|000040000000000|2|ABCDE|21011980|2|000000000000000000000000000001|21011980|000000000000000000000000000001|21011980|500000|036|P01|000040000000000|01175|000000000000000000000000000001|08052022|18052022|1|11110|00004000000000000|2|S131102L|000040000000000|1|Alamat 1|000040000000000|2101198A|003|01|001|UM|1|1
L0000010000007348|PT. ABCDE|B|P|7371117003960000|033223901801000|Banda Aceh|Kelurahan 1|Kecamatan 1|11750|1201|Province 1|62215505550|6281123456790|ABCDE@gmail.com|Jakarta|21011980|00|PT. ABCDE|Address 1|ABCDE|3|000040000000000|2|ABCDE|21011980|2|000000000000000000000000000001|21011980|000000000000000000000000000001|21011980|500000|036|P01|000040000000000|01175|000000000000000000000000000001|08052022|18052022|1|11110|00004000000000000|2|S131102L|000040000000000|1|Alamat 1|000040000000000|18052022||01|001|UM|1|1
L0000010000007348|PT. ABCDE|B|P|7371117003960000|033223901801000|Banda Aceh|Kelurahan 1|Kecamatan 1|11750|1201|Province 1|62215505550|6281123456790|ABCDE@gmail.com|Jakarta|21011980|00|PT. ABCDE|Address 1|ABCDE|3|000040000000000|2|ABCDE|21011980|2|000000000000000000000000000001|21011980|000000000000000000000000000001|21011980|500000|036|P01|000040000000000|01175|000000000000000000000000000001|08052022|18052022|1|11110|00004000000000000|2|S131102L|000040000000000|1|Alamat 1|000040000000000|18052022|0360|01|001|UM|1|1
L0000010000007348|PT. ABCDE|B|P|7371117003960000|033223901801000|Banda Aceh|Kelurahan 1|Kecamatan 1|11750|1201|Province 1|62215505550|6281123456790|ABCDE@gmail.com|Jakarta|21011980|00|PT. ABCDE|Address 1|ABCDE|3|000040000000000|2|ABCDE|21011980|2|000000000000000000000000000001|21011980|000000000000000000000000000001|21011980|500000|036|P01|000040000000000|01175|000000000000000000000000000001|08052022|18052022|1|11110|00004000000000000|2|S131102L|000040000000000|1|Alamat 1|000040000000000|18052022|03|01|001|UM|1|1
L0000010000007348|PT. ABCDE|B|P|7371117003960000|033223901801000|Banda Aceh|Kelurahan 1|Kecamatan 1|11750|1201|Province 1|62215505550|6281123456790|ABCDE@gmail.com|Jakarta|21011980|00|PT. ABCDE|Address 1|ABCDE|3|000040000000000|2|ABCDE|21011980|2|000000000000000000000000000001|21011980|000000000000000000000000000001|21011980|500000|036|P01|000040000000000|01175|000000000000000000000000000001|08052022|18052022|1|11110|00004000000000000|2|S131102L|000040000000000|1|Alamat 1|000040000000000|18052022|03A|01|001|UM|1|1
L0000010000007340|PT. ABCDE|B|P|7371117003960000|033223901801000|Banda Aceh|Kelurahan 1|Kecamatan 1|11750|1201|Province 1|62215505550|6281123456790|ABCDE@gmail.com|Jakarta|21011980|00|PT. ABCDE|Address 1|ABCDE|3|000040000000000|2|ABCDE|21011980|2|000000000000000000000000000001|21011980|000000000000000000000000000001|21011980|500000|036|P01|000040000000000|01175|000000000000000000000000000001|08052022|18052022|1|11110|00004000000000000|2|S131102L|000040000000000|1|Alamat 1|000040000000000|18052022|003||001|UM|1|1
L0000010000007341|PT. ABCDE|B|P|7371117003960000|033223901801000|Banda Aceh|Kelurahan 1|Kecamatan 1|11750|1201|Province 1|62215505550|6281123456790|ABCDE@gmail.com|Jakarta|21011980|00|PT. ABCDE|Address 1|ABCDE|3|000040000000000|2|ABCDE|21011980|2|000000000000000000000000000001|21011980|000000000000000000000000000001|21011980|500000|036|P01|000040000000000|01175|000000000000000000000000000001|08052022|18052022|1|11110|00004000000000000|2|S131102L|000040000000000|1|Alamat 1|000040000000000|18052022|003|XX|001|UM|1|1
L0000010000007342|PT. ABCDE|B|P|7371117003960000|033223901801000|Banda Aceh|Kelurahan 1|Kecamatan 1|11750|1201|Province 1|62215505550|6281123456790|ABCDE@gmail.com|Jakarta|21011980|00|PT. ABCDE|Address 1|ABCDE|3|000040000000000|2|ABCDE|21011980|2|000000000000000000000000000001|21011980|000000000000000000000000000001|21011980|500000|036|P01|000040000000000|01175|000000000000000000000000000001|08052022|18052022|1|11110|00004000000000000|2|S131102L|000040000000000|1|Alamat 1|000040000000000|18052022|003|01||UM|1|1
L0000010000007343|PT. ABCDE|B|P|7371117003960000|033223901801000|Banda Aceh|Kelurahan 1|Kecamatan 1|11750|1201|Province 1|62215505550|6281123456790|ABCDE@gmail.com|Jakarta|21011980|00|PT. ABCDE|Address 1|ABCDE|3|000040000000000|2|ABCDE|21011980|2|000000000000000000000000000001|21011980|000000000000000000000000000001|21011980|500000|036|P01|000040000000000|01175|000000000000000000000000000001|08052022|18052022|1|11110|00004000000000000|2|S131102L|000040000000000|1|Alamat 1|000040000000000|18052022|003|01|XX|UM|1|1
L0000010000007344|PT. ABCDE|B|P|7371117003960000|033223901801000|Banda Aceh|Kelurahan 1|Kecamatan 1|11750|1201|Province 1|62215505550|6281123456790|ABCDE@gmail.com|Jakarta|21011980|00|PT. ABCDE|Address 1|ABCDE|3|000040000000000|2|ABCDE|21011980|2|000000000000000000000000000001|21011980|000000000000000000000000000001|21011980|500000|036|P01|000040000000000|01175|000000000000000000000000000001|08052022|18052022|1|11110|00004000000000000|2|S131102L|000040000000000|1|Alamat 1|000040000000000|18052022|003|01|001||1|1
L0000010000007345|PT. ABCDE|B|P|7371117003960000|033223901801000|Banda Aceh|Kelurahan 1|Kecamatan 1|11750|1201|Province 1|62215505550|6281123456790|ABCDE@gmail.com|Jakarta|21011980|00|PT. ABCDE|Address 1|ABCDE|3|000040000000000|2|ABCDE|21011980|2|000000000000000000000000000001|21011980|000000000000000000000000000001|21011980|500000|036|P01|000040000000000|01175|000000000000000000000000000001|08052022|18052022|1|11110|00004000000000000|2|S131102L|000040000000000|1|Alamat 1|000040000000000|18052022|003|01|001|XX|1|1
L0000010000007346|PT. ABCDE|B|P|7371117003960000|033223901801000|Banda Aceh|Kelurahan 1|Kecamatan 1|11750|1201|Province 1|62215505550|6281123456790|ABCDE@gmail.com|Jakarta|21011980|00|PT. ABCDE|Address 1|ABCDE|3|000040000000000|2|ABCDE|21011980|2|000000000000000000000000000001|21011980|000000000000000000000000000001|21011980|500000|036|P01|000040000000000|01175|000000000000000000000000000001|08052022|18052022|1|11110|00004000000000000|2|S131102L|000040000000000|1|Alamat 1|000040000000000|18052022|003|01|001|UM||1
L0000010000007347|PT. ABCDE|B|P|7371117003960000|033223901801000|Banda Aceh|Kelurahan 1|Kecamatan 1|11750|1201|Province 1|62215505550|6281123456790|ABCDE@gmail.com|Jakarta|21011980|00|PT. ABCDE|Address 1|ABCDE|3|000040000000000|2|ABCDE|21011980|2|000000000000000000000000000001|21011980|000000000000000000000000000001|21011980|500000|036|P01|000040000000000|01175|000000000000000000000000000001|08052022|18052022|1|11110|00004000000000000|2|S131102L|000040000000000|1|Alamat 1|000040000000000|18052022|003|01|001|UM|X|1
L0000010000007348|PT. ABCDE|B|P|7371117003960000|033223901801000|Banda Aceh|Kelurahan 1|Kecamatan 1|11750|1201|Province 1|62215505550|6281123456790|ABCDE@gmail.com|Jakarta|21011980|00|PT. ABCDE|Address 1|ABCDE|3|000040000000000|2|ABCDE|21011980|2|000000000000000000000000000001|21011980|000000000000000000000000000001|21011980|500000|036|P01|000040000000000|01175|000000000000000000000000000001|08052022|18052022|1|11110|00004000000000000|2|S131102L|000040000000000|1|Alamat 1|000040000000000|18052022|003|01|001|UM|1|X
L0000010000007349|PT. ABCDE|B|P|7371117003960000|033223901801000|Banda Aceh|Kelurahan 1|Kecamatan 1|11750|1201|Province 1|62215505550|6281123456790|ABCDE@gmail.com|Jakarta|21011980|00|PT. ABCDE|Address 1|ABCDE|3|000040000000000|2|ABCDE|21011980|2|000000000000000000000000000001|21011980|000000000000000000000000000001|21011980|500000|036|P01|000040000000000|01175|000000000000000000000000000001|08052022|18052022|1|11110|00004000000000000|2|S131102L|000040000000000|1|Alamat 1|000040000000000|18052022|003|01|001|UM|1|100